time,stop1,stop2,stop3,stop4,stop5,stop6,stop7,stop8,stop9
06:11AM,0.00,0.00,0.00,0.00,0.00,0.00,0.00,0.00,0.00
06:12AM,0.00,0.00,0.00,0.00,0.00,0.00,0.00,0.00,0.00
06:13AM,0.00,0.00,0.00,0.00,0.00,0.00,0.00,0.00,0.00
06:14AM,0.00,0.00,0.00,0.00,0.00,0.00,0.00,0.00,0.00
06:15AM,0.00,0.00,0.00,0.00,0.00,0.00,0.00,0.00,0.00
06:16AM,0.00,0.00,0.00,0.00,0.00,0.00,0.00,0.00,0.00
06:17AM,0.00,0.00,0.00,0.00,0.00,0.00,0.00,0.00,0.00
06:18AM,0.00,0.00,0.00,0.00,0.00,0.00,0.00,0.00,0.00
06:19AM,0.00,0.00,0.00,0.00,0.00,0.00,0.00,0.00,0.00
06:20AM,0.00,0.00,0.00,0.00,0.00,0.00,0.00,0.00,0.00
06:21AM,0.00,0.00,0.00,0.00,0.00,0.00,0.00,0.00,0.00
06:22AM,0.00,0.00,0.00,0.00,0.00,0.00,0.00,0.00,0.00
06:23AM,0.00,0.00,0.00,0.00,0.00,0.00,0.00,0.00,0.00
06:24AM,0.00,0.00,0.00,0.00,0.00,0.00,0.00,0.00,0.00
06:25AM,0.00,0.00,0.00,0.00,0.00,0.00,0.00,0.00,0.00
06:42AM,-0.70,0.00,0.00,1.00,0.00,0.00,0.00,-0.70,0.30
06:43AM,0.00,0.00,0.00,0.00,0.00,0.00,0.00,0.00,0.00
06:44AM,0.00,0.00,0.00,0.00,0.00,0.00,0.00,0.00,0.00
06:45AM,0.00,0.00,0.00,0.00,0.00,0.00,0.00,0.00,0.00
06:46AM,0.00,0.00,0.00,0.00,0.00,0.00,0.00,0.00,0.00
06:47AM,0.00,0.00,0.00,0.00,0.00,0.00,0.00,0.00,0.00
06:48AM,0.00,0.00,0.00,0.00,0.00,0.00,0.00,0.00,0.00
06:49AM,0.00,0.00,0.00,0.00,0.00,0.00,0.00,0.00,0.00
06:50AM,-0.70,0.00,0.00,1.00,0.00,0.00,0.00,-0.70,0.30
06:51AM,0.00,0.00,0.00,0.00,0.00,0.00,0.00,0.00,0.00
06:52AM,0.00,0.00,0.00,0.00,0.00,0.00,0.00,0.00,0.00
06:53AM,-0.70,0.00,0.00,1.00,0.00,0.00,0.00,-0.70,0.30
06:54AM,0.00,0.00,0.00,0.00,0.00,0.00,0.00,0.00,0.00
06:55AM,0.00,0.00,0.00,0.00,0.00,0.00,0.00,0.00,0.00
06:56AM,0.00,0.00,0.00,0.00,0.00,0.00,0.00,0.00,0.00
06:57AM,0.00,0.00,0.00,0.00,0.00,0.00,0.00,0.00,0.00
06:58AM,0.00,0.00,0.00,0.00,0.00,0.00,0.00,0.00,0.00
06:59AM,0.00,0.00,0.00,0.00,0.00,0.00,0.00,0.00,0.00
07:00AM,0.00,0.00,0.00,0.00,0.00,0.00,0.00,0.00,0.00
07:01AM,0.00,0.00,0.00,0.00,0.00,0.00,0.00,0.00,0.00
07:02AM,0.70,0.00,0.00,-1.00,0.00,0.00,0.00,0.70,-0.30
07:03AM,0.00,0.00,0.00,0.00,0.00,0.00,0.00,0.00,0.00
07:04AM,0.00,0.00,0.00,0.00,0.00,0.00,0.00,0.00,0.00
07:05AM,0.70,0.00,0.00,-1.00,0.00,0.00,0.00,0.70,-0.30
07:06AM,0.00,0.00,0.00,0.00,0.00,0.00,0.00,0.00,0.00
07:07AM,0.00,0.00,0.00,0.00,0.00,0.00,0.00,0.00,0.00
07:08AM,0.00,0.00,0.00,0.00,0.00,0.00,0.00,0.00,0.00
07:09AM,0.00,0.00,0.00,0.00,0.00,0.00,0.00,0.00,0.00
07:10AM,0.00,0.00,0.00,0.00,0.00,0.00,0.00,0.00,0.00
07:11AM,0.00,0.00,0.00,0.00,0.00,0.00,0.00,0.00,0.00
07:12AM,0.00,0.00,0.00,0.00,0.00,0.00,0.00,0.00,0.00
07:37AM,0.70,0.00,0.00,-1.00,0.00,0.00,0.00,0.70,-0.30
07:38AM,0.00,0.00,0.00,0.00,0.00,0.00,0.00,0.00,0.00
07:39AM,0.00,0.00,0.00,0.00,0.00,0.00,0.00,0.00,0.00
07:40AM,0.00,0.00,0.00,0.00,0.00,0.00,0.00,0.00,0.00
07:41AM,0.00,0.00,0.00,0.00,0.00,0.00,0.00,0.00,0.00
07:42AM,-0.70,0.00,0.00,1.00,0.00,0.00,0.00,-0.70,0.30
07:43AM,0.70,0.00,0.00,0.00,0.00,0.00,0.00,-0.30,-0.30
07:44AM,-1.00,1.00,0.00,0.00,0.00,1.00,1.00,-1.00,-1.00
07:45AM,0.70,0.00,0.00,0.00,0.00,0.00,0.00,-0.30,-0.30
07:46AM,0.00,0.00,0.00,1.00,0.00,0.00,0.00,-1.00,0.00
07:47AM,-0.30,1.00,0.00,0.00,0.00,1.00,1.00,-1.30,-1.30
07:48AM,-0.30,1.00,0.00,1.00,0.00,1.00,1.00,-2.30,-1.30
07:49AM,-0.30,1.00,0.00,1.00,0.00,1.00,1.00,-2.30,-1.30
07:50AM,-0.70,2.00,0.00,2.00,0.00,2.00,2.00,-4.70,-2.70
07:51AM,-0.70,2.00,0.00,2.00,0.00,2.00,2.00,-4.70,-2.70
07:52AM,-1.70,3.00,0.00,2.00,0.00,3.00,3.00,-5.70,-3.70
07:53AM,0.30,3.00,0.00,1.00,0.00,3.00,3.00,-5.70,-4.70
07:54AM,-2.00,4.00,0.00,2.00,0.00,4.00,4.00,-7.00,-5.00
07:55AM,-1.00,3.00,0.00,2.00,0.00,3.00,3.00,-6.00,-4.00
07:56AM,-1.00,3.00,0.00,2.00,0.00,3.00,3.00,-6.00,-4.00
07:57AM,-1.70,3.00,0.00,1.00,0.00,3.00,3.00,-4.70,-3.70
07:58AM,-0.30,1.00,0.00,0.00,0.00,1.00,1.00,-1.30,-1.30
07:59AM,-1.00,1.00,0.00,0.00,0.00,1.00,1.00,-1.00,-1.00
08:00AM,0.30,-1.00,0.00,-1.00,0.00,-1.00,-1.00,2.30,1.30
08:01AM,-0.30,-1.00,0.00,-1.00,0.00,-1.00,-1.00,2.70,1.70
08:02AM,1.00,-3.00,0.00,-2.00,0.00,-3.00,-3.00,6.00,4.00
08:03AM,1.00,-3.00,0.00,-2.00,0.00,-3.00,-3.00,6.00,4.00
08:04AM,1.00,-3.00,0.00,-2.00,0.00,-3.00,-3.00,6.00,4.00
08:05AM,2.00,-4.00,0.00,-2.00,0.00,-4.00,-4.00,7.00,5.00
08:06AM,1.00,-3.00,0.00,-2.00,0.00,-3.00,-3.00,6.00,4.00
08:07AM,1.00,-3.00,0.00,-1.00,0.00,-3.00,-3.00,5.00,4.00
08:08AM,0.70,-2.00,0.00,-1.00,0.00,-2.00,-2.00,3.70,2.70
08:09AM,0.70,-2.00,0.00,-1.00,0.00,-2.00,-2.00,3.70,2.70
08:10AM,1.00,-1.00,0.00,-1.00,0.00,-1.00,-1.00,2.00,1.00
08:11AM,0.30,-1.00,0.00,-1.00,0.00,-1.00,-1.00,2.30,1.30
08:12AM,1.00,-1.00,0.00,0.00,0.00,-1.00,-1.00,1.00,1.00
08:13AM,-0.70,0.00,0.00,0.00,0.00,0.00,0.00,0.30,0.30
08:14AM,1.30,0.00,0.00,-2.00,0.00,0.00,0.00,1.30,-0.70
08:15AM,0.30,-1.00,0.00,0.00,0.00,-1.00,-1.00,1.30,1.30
08:16AM,0.00,0.00,0.00,0.00,0.00,0.00,0.00,0.00,0.00
08:17AM,0.00,0.00,0.00,0.00,0.00,0.00,0.00,0.00,0.00
08:18AM,0.70,0.00,0.00,0.00,0.00,0.00,0.00,-0.30,-0.30
08:19AM,-3.30,2.00,0.00,2.00,0.00,2.00,2.00,-3.30,-1.30
08:20AM,-1.00,1.00,0.00,0.00,0.00,1.00,1.00,-1.00,-1.00
08:21AM,-2.70,2.00,0.00,1.00,0.00,2.00,2.00,-2.70,-1.70
08:22AM,-2.70,2.00,0.00,1.00,0.00,2.00,2.00,-2.70,-1.70
08:23AM,-5.30,4.00,0.00,2.00,0.00,4.00,4.00,-5.30,-3.30
08:24AM,-9.70,7.00,1.00,3.00,0.00,7.00,7.00,-8.70,-6.70
08:25AM,-10.70,8.00,0.00,5.00,0.00,8.00,8.00,-11.70,-6.70
08:26AM,-15.00,11.00,0.00,6.00,0.00,11.00,11.00,-15.00,-9.00
08:27AM,-18.30,13.00,1.00,8.00,0.00,13.00,13.00,-18.30,-11.30
08:28AM,-23.30,16.00,1.00,11.00,0.00,16.00,16.00,-23.30,-13.30
08:29AM,-29.00,19.00,1.00,15.00,0.00,19.00,19.00,-29.00,-15.00
08:30AM,-30.30,19.00,1.00,17.00,0.00,19.00,19.00,-30.30,-14.30
08:31AM,-34.70,20.00,2.00,21.00,0.00,20.00,20.00,-33.70,-14.70
08:32AM,-32.70,18.00,2.00,22.00,0.00,18.00,18.00,-32.70,-12.70
08:33AM,-33.30,16.00,3.00,24.00,0.00,16.00,16.00,-31.30,-10.30
08:34AM,-27.30,12.00,3.00,22.00,0.00,12.00,12.00,-26.30,-7.30
08:35AM,-21.00,7.00,3.00,19.00,0.00,7.00,7.00,-19.00,-3.00
08:36AM,-13.30,2.00,3.00,15.00,0.00,2.00,2.00,-11.30,0.70
08:37AM,-2.70,-4.00,2.00,9.00,0.00,-4.00,-4.00,-1.70,5.30
08:38AM,7.00,-9.00,2.00,1.00,0.00,-9.00,-9.00,9.00,8.00
08:39AM,16.30,-13.00,1.00,-6.00,0.00,-13.00,-13.00,17.30,10.30
08:40AM,25.00,-17.00,0.00,-13.00,0.00,-17.00,-17.00,26.00,13.00
08:41AM,30.00,-18.00,-1.00,-18.00,0.00,-18.00,-18.00,30.00,13.00
08:42AM,34.30,-19.00,-2.00,-22.00,0.00,-19.00,-19.00,33.30,13.30
08:43AM,34.70,-18.00,-3.00,-24.00,0.00,-18.00,-18.00,33.70,12.70
08:44AM,32.30,-17.00,-2.00,-23.00,0.00,-17.00,-17.00,32.30,11.30
08:45AM,30.30,-15.00,-3.00,-21.00,0.00,-15.00,-15.00,28.30,10.30
08:46AM,26.00,-12.00,-3.00,-19.00,0.00,-12.00,-12.00,24.00,8.00
08:47AM,21.30,-10.00,-3.00,-15.00,0.00,-10.00,-10.00,19.30,7.30
08:48AM,17.30,-8.00,-2.00,-12.00,0.00,-8.00,-8.00,15.30,5.30
08:49AM,10.30,-4.00,-1.00,-8.00,1.00,-4.00,-4.00,8.30,1.30
08:50AM,7.70,-3.00,-1.00,-4.00,0.00,-3.00,-3.00,4.70,1.70
08:51AM,3.70,-3.00,0.00,-2.00,0.00,-3.00,-3.00,4.70,2.70
08:52AM,2.00,2.00,0.00,-1.00,0.00,2.00,2.00,-3.00,-4.00
08:53AM,-2.30,4.00,2.00,2.00,1.00,4.00,4.00,-7.30,-7.30
08:54AM,-2.70,5.00,2.00,4.00,1.00,5.00,5.00,-10.70,-8.70
08:55AM,-3.70,6.00,3.00,5.00,1.00,6.00,6.00,-12.70,-10.70
08:56AM,-5.70,8.00,5.00,6.00,1.00,8.00,8.00,-15.70,-14.70
08:57AM,-5.70,10.00,5.00,5.00,1.00,10.00,10.00,-17.70,-17.70
08:58AM,-7.30,10.00,7.00,6.00,2.00,10.00,10.00,-18.30,-19.30
08:59AM,-5.30,10.00,6.00,4.00,2.00,10.00,10.00,-17.30,-19.30
09:00AM,-5.00,9.00,7.00,3.00,2.00,9.00,9.00,-15.00,-19.00
09:01AM,-4.30,8.00,7.00,1.00,1.00,8.00,8.00,-11.30,-17.30
09:02AM,-1.70,5.00,5.00,-1.00,2.00,5.00,5.00,-6.70,-12.70
09:03AM,-1.30,3.00,3.00,-2.00,1.00,3.00,3.00,-2.30,-7.30
09:04AM,0.70,0.00,1.00,-4.00,0.00,0.00,0.00,3.70,-1.30
09:05AM,3.30,-4.00,-1.00,-5.00,0.00,-4.00,-4.00,9.30,5.30
09:06AM,3.70,-6.00,-3.00,-5.00,-1.00,-6.00,-6.00,12.70,10.70
09:07AM,6.30,-9.00,-5.00,-6.00,-2.00,-9.00,-9.00,17.30,16.30
09:08AM,6.30,-10.00,-7.00,-5.00,-1.00,-10.00,-10.00,17.30,19.30
09:09AM,6.70,-10.00,-7.00,-5.00,-2.00,-10.00,-10.00,17.70,19.70
09:10AM,7.00,-11.00,-6.00,-5.00,-2.00,-11.00,-11.00,19.00,20.00
09:11AM,6.30,-9.00,-7.00,-4.00,-2.00,-9.00,-9.00,15.30,18.30
09:12AM,5.00,-8.00,-5.00,-3.00,-1.00,-8.00,-8.00,13.00,15.00
09:13AM,4.70,-7.00,-5.00,-2.00,-1.00,-7.00,-7.00,10.70,13.70
09:14AM,3.30,-5.00,-4.00,-1.00,-1.00,-5.00,-5.00,7.30,10.30
09:15AM,3.00,-4.00,-2.00,-2.00,-1.00,-4.00,-4.00,7.00,7.00
09:16AM,1.00,-2.00,-2.00,0.00,-1.00,-2.00,-2.00,3.00,5.00
09:17AM,2.00,-2.00,-1.00,-2.00,0.00,-2.00,-2.00,4.00,3.00
09:18AM,1.00,-1.00,-1.00,0.00,0.00,-1.00,-1.00,1.00,2.00
09:19AM,1.30,-2.00,-1.00,0.00,0.00,-2.00,-2.00,2.30,3.30
09:20AM,0.70,-1.00,0.00,0.00,-1.00,-1.00,-1.00,1.70,1.70
09:21AM,0.00,0.00,0.00,0.00,0.00,0.00,0.00,0.00,0.00
09:22AM,0.00,0.00,0.00,0.00,0.00,0.00,0.00,0.00,0.00
09:23AM,-0.30,1.00,0.00,-1.00,0.00,1.00,1.00,-0.30,-1.30
09:24AM,0.00,0.00,0.00,0.00,0.00,0.00,0.00,0.00,0.00
09:25AM,0.00,0.00,0.00,0.00,0.00,0.00,0.00,0.00,0.00
09:26AM,0.00,0.00,0.00,0.00,0.00,0.00,0.00,0.00,0.00
09:27AM,0.00,0.00,0.00,0.00,0.00,0.00,0.00,0.00,0.00
09:28AM,-0.70,0.00,1.00,0.00,0.00,0.00,0.00,0.30,-0.70
09:29AM,0.00,0.00,0.00,0.00,0.00,0.00,0.00,0.00,0.00
09:30AM,0.70,0.00,0.00,0.00,0.00,0.00,0.00,-0.30,-0.30
09:31AM,0.70,0.00,-1.00,0.00,0.00,0.00,0.00,-0.30,0.70
09:32AM,0.00,0.00,0.00,0.00,0.00,0.00,0.00,0.00,0.00
09:33AM,0.00,0.00,0.00,0.00,0.00,0.00,0.00,0.00,0.00
09:34AM,0.00,0.00,0.00,0.00,0.00,0.00,0.00,0.00,0.00
09:35AM,0.00,0.00,0.00,0.00,0.00,0.00,0.00,0.00,0.00
09:36AM,-0.70,0.00,0.00,1.00,0.00,0.00,0.00,-0.70,0.30
09:37AM,0.00,0.00,0.00,0.00,0.00,0.00,0.00,0.00,0.00
09:38AM,0.00,0.00,0.00,0.00,0.00,0.00,0.00,0.00,0.00
09:39AM,0.00,0.00,0.00,0.00,0.00,0.00,0.00,0.00,0.00
09:40AM,0.00,0.00,0.00,0.00,0.00,0.00,0.00,0.00,0.00
09:41AM,0.00,0.00,0.00,0.00,0.00,0.00,0.00,0.00,0.00
09:42AM,0.00,0.00,0.00,0.00,0.00,0.00,0.00,0.00,0.00
09:43AM,0.00,0.00,0.00,0.00,0.00,0.00,0.00,0.00,0.00
09:44AM,0.00,0.00,0.00,0.00,0.00,0.00,0.00,0.00,0.00
09:45AM,0.70,0.00,-1.00,0.00,0.00,0.00,0.00,-0.30,0.70
09:46AM,0.00,0.00,0.00,0.00,0.00,0.00,0.00,0.00,0.00
09:47AM,0.00,0.00,0.00,0.00,0.00,0.00,0.00,0.00,0.00
09:48AM,0.00,0.00,0.00,0.00,0.00,0.00,0.00,0.00,0.00
09:49AM,-3.00,3.00,0.00,0.00,0.00,3.00,3.00,-3.00,-3.00
09:50AM,-1.00,1.00,0.00,2.00,0.00,1.00,1.00,-3.00,-1.00
09:51AM,25.00,-26.00,0.00,1.00,1.00,-26.00,-26.00,25.00,26.00
09:52AM,-3.70,3.00,0.00,2.00,0.00,3.00,3.00,-4.70,-2.70
09:53AM,-6.70,4.00,1.00,4.00,0.00,4.00,4.00,-6.70,-3.70
09:54AM,-11.70,9.00,1.00,6.00,0.00,9.00,9.00,-13.70,-8.70
09:55AM,-15.00,11.00,1.00,9.00,0.00,11.00,11.00,-18.00,-10.00
09:56AM,24.00,-22.00,-17.00,-4.00,-4.00,-22.00,-22.00,27.00,40.00
09:57AM,-7.30,15.00,3.00,-8.00,1.00,15.00,15.00,-11.30,-22.30
09:58AM,-34.00,23.00,5.00,20.00,1.00,23.00,23.00,-38.00,-23.00
09:59AM,-43.70,27.00,7.00,28.00,2.00,27.00,27.00,-47.70,-26.70
10:00AM,-42.00,31.00,9.00,19.00,1.00,31.00,31.00,-45.00,-35.00
10:01AM,-55.00,33.00,11.00,39.00,2.00,33.00,33.00,-62.00,-34.00
10:02AM,-64.70,34.00,14.00,43.00,2.00,34.00,34.00,-62.70,-33.70
10:03AM,-58.70,34.00,15.00,42.00,2.00,34.00,34.00,-64.70,-37.70
10:04AM,-55.30,30.00,17.00,40.00,2.00,30.00,30.00,-58.30,-35.30
10:05AM,-47.70,25.00,17.00,33.00,2.00,25.00,25.00,-47.70,-31.70
10:06AM,-35.30,18.00,15.00,24.00,2.00,18.00,18.00,-34.30,-25.30
10:07AM,-19.70,9.00,12.00,12.00,2.00,9.00,9.00,-16.70,-16.70
10:08AM,-2.30,-1.00,9.00,-2.00,0.00,-1.00,-1.00,4.70,-6.30
10:09AM,15.70,-11.00,3.00,-14.00,0.00,-11.00,-11.00,22.70,5.70
10:10AM,31.00,-19.00,-3.00,-25.00,0.00,-19.00,-19.00,38.00,16.00
10:11AM,44.70,-26.00,-7.00,-35.00,-2.00,-26.00,-26.00,52.70,24.70
10:12AM,53.30,-31.00,-12.00,-39.00,-1.00,-31.00,-31.00,59.30,32.30
10:13AM,58.00,-34.00,-14.00,-41.00,-2.00,-34.00,-34.00,64.00,37.00
10:14AM,57.30,-32.00,-16.00,-40.00,-2.00,-32.00,-32.00,60.30,36.30
10:15AM,54.00,-31.00,-16.00,-36.00,-3.00,-31.00,-31.00,57.00,37.00
10:16AM,47.30,-27.00,-15.00,-30.00,-1.00,-27.00,-27.00,47.30,32.30
10:17AM,39.30,-22.00,-13.00,-25.00,-2.00,-22.00,-22.00,39.30,27.30
10:18AM,29.70,-18.00,-10.00,-18.00,-1.00,-18.00,-18.00,30.70,22.70
10:19AM,25.70,-14.00,-9.00,-15.00,-1.00,-14.00,-14.00,23.70,17.70
10:20AM,15.70,-9.00,-5.00,-9.00,-2.00,-9.00,-9.00,15.70,11.70
10:21AM,11.30,-6.00,-5.00,-6.00,0.00,-6.00,-6.00,9.30,8.30
10:22AM,5.30,-3.00,-3.00,-2.00,-1.00,-3.00,-3.00,4.30,5.30
10:23AM,3.00,-1.00,-1.00,-2.00,0.00,-1.00,-1.00,2.00,1.00
10:24AM,0.70,0.00,-1.00,-1.00,0.00,0.00,0.00,0.70,0.70
10:25AM,1.70,-1.00,-1.00,1.00,0.00,-1.00,-1.00,-0.30,1.70
10:26AM,-1.70,1.00,0.00,2.00,0.00,1.00,1.00,-2.70,-0.70
10:27AM,-2.70,2.00,1.00,1.00,0.00,2.00,2.00,-2.70,-2.70
10:28AM,-1.00,1.00,0.00,1.00,0.00,1.00,1.00,-2.00,-1.00
10:29AM,-2.30,1.00,0.00,2.00,0.00,1.00,1.00,-2.30,-0.30
10:30AM,-2.70,2.00,1.00,1.00,0.00,2.00,2.00,-2.70,-2.70
10:31AM,-1.00,1.00,0.00,1.00,0.00,1.00,1.00,-2.00,-1.00
10:32AM,-2.70,1.00,1.00,2.00,1.00,1.00,1.00,-2.70,-1.70
10:33AM,-1.00,1.00,0.00,1.00,0.00,1.00,1.00,-2.00,-1.00
10:34AM,-1.00,1.00,0.00,1.00,0.00,1.00,1.00,-2.00,-1.00
10:35AM,-2.30,1.00,1.00,1.00,0.00,1.00,1.00,-1.30,-1.30
10:36AM,-1.00,1.00,0.00,1.00,0.00,1.00,1.00,-2.00,-1.00
10:37AM,-1.00,1.00,0.00,1.00,0.00,1.00,1.00,-2.00,-1.00
10:38AM,-1.70,1.00,0.00,1.00,0.00,1.00,1.00,-1.70,-0.70
10:39AM,-1.70,1.00,1.00,1.00,0.00,1.00,1.00,-1.70,-1.70
10:40AM,0.00,0.00,0.00,1.00,0.00,0.00,0.00,-1.00,0.00
10:41AM,-1.00,1.00,0.00,0.00,0.00,1.00,1.00,-1.00,-1.00
10:42AM,-1.00,1.00,0.00,1.00,0.00,1.00,1.00,-2.00,-1.00
10:43AM,-0.70,0.00,0.00,1.00,0.00,0.00,0.00,-0.70,0.30
10:44AM,-1.70,1.00,1.00,1.00,0.00,1.00,1.00,-1.70,-1.70
10:45AM,0.00,0.00,0.00,0.00,0.00,0.00,0.00,0.00,0.00
10:46AM,-1.70,1.00,0.00,1.00,0.00,1.00,1.00,-1.70,-0.70
10:47AM,0.70,0.00,0.00,0.00,0.00,0.00,0.00,-0.30,-0.30
10:48AM,-1.70,1.00,0.00,1.00,0.00,1.00,1.00,-1.70,-0.70
10:49AM,0.00,0.00,0.00,0.00,0.00,0.00,0.00,0.00,0.00
10:50AM,0.00,0.00,0.00,1.00,0.00,0.00,0.00,-1.00,0.00
10:51AM,-1.70,1.00,1.00,0.00,0.00,1.00,1.00,-0.70,-1.70
10:52AM,0.00,0.00,0.00,0.00,0.00,0.00,0.00,0.00,0.00
10:53AM,-0.70,0.00,0.00,1.00,0.00,0.00,0.00,-0.70,0.30
10:54AM,-0.30,1.00,0.00,0.00,0.00,1.00,1.00,-1.30,-1.30
10:55AM,-0.70,0.00,0.00,1.00,0.00,0.00,0.00,-0.70,0.30
10:56AM,0.70,0.00,0.00,0.00,0.00,0.00,0.00,-0.30,-0.30
10:57AM,-0.70,0.00,0.00,1.00,0.00,0.00,0.00,-0.70,0.30
10:58AM,-2.00,0.00,0.00,4.00,2.00,0.00,0.00,-4.00,0.00
10:59AM,-3.70,3.00,2.00,2.00,0.00,3.00,3.00,-4.70,-4.70
11:00AM,-3.70,1.00,1.00,5.00,0.00,1.00,1.00,-4.70,-0.70
11:01AM,25.70,-18.00,-20.00,2.00,-3.00,-18.00,-18.00,13.70,35.70
11:02AM,21.30,0.00,2.00,-27.00,0.00,0.00,0.00,16.30,-12.70
11:03AM,-8.00,3.00,4.00,9.00,1.00,3.00,3.00,-10.00,-5.00
11:04AM,-14.70,6.00,5.00,15.00,0.00,6.00,6.00,-16.70,-6.70
11:05AM,-14.00,8.00,8.00,9.00,0.00,8.00,8.00,-14.00,-13.00
11:06AM,-19.30,8.00,9.00,21.00,2.00,8.00,8.00,-24.30,-12.30
11:07AM,-28.70,11.00,11.00,24.00,1.00,11.00,11.00,-26.70,-13.70
11:08AM,-25.70,12.00,12.00,24.00,1.00,12.00,12.00,-29.70,-17.70
11:09AM,-27.30,13.00,13.00,24.00,1.00,13.00,13.00,-30.30,-19.30
11:10AM,-25.00,12.00,13.00,20.00,1.00,12.00,12.00,-26.00,-19.00
11:11AM,-23.30,12.00,12.00,16.00,0.00,12.00,12.00,-22.30,-18.30
11:12AM,-17.70,9.00,10.00,9.00,0.00,9.00,9.00,-13.70,-14.70
11:13AM,-10.30,6.00,7.00,1.00,1.00,6.00,6.00,-5.30,-11.30
11:14AM,-1.70,2.00,2.00,-5.00,-1.00,2.00,2.00,3.30,-3.70
11:15AM,6.70,-2.00,-1.00,-13.00,0.00,-2.00,-2.00,12.70,0.70
11:16AM,14.30,-6.00,-6.00,-18.00,-1.00,-6.00,-6.00,20.30,8.30
11:17AM,20.70,-9.00,-9.00,-22.00,-1.00,-9.00,-9.00,25.70,12.70
11:18AM,23.00,-11.00,-11.00,-22.00,0.00,-11.00,-11.00,27.00,16.00
11:19AM,26.30,-12.00,-13.00,-23.00,-1.00,-12.00,-12.00,28.30,18.30
11:20AM,22.00,-11.00,-12.00,-19.00,-1.00,-11.00,-11.00,25.00,18.00
11:21AM,52.30,-41.00,-12.00,-17.00,0.00,-41.00,-41.00,52.30,47.30
11:22AM,18.30,-9.00,-10.00,-13.00,-2.00,-9.00,-9.00,18.30,15.30
11:23AM,13.70,-7.00,-7.00,-10.00,0.00,-7.00,-7.00,13.70,10.70
11:24AM,6.70,-3.00,-6.00,-5.00,-1.00,-3.00,-3.00,6.70,7.70
11:25AM,4.30,-3.00,-5.00,-1.00,0.00,-3.00,-3.00,3.30,7.30
11:26AM,32.30,-23.00,-11.00,-10.00,0.00,-23.00,-23.00,28.30,29.30
11:27AM,-5.30,4.00,0.00,3.00,0.00,4.00,4.00,-6.30,-3.30
11:28AM,-6.00,8.00,0.00,-1.00,0.00,8.00,8.00,-8.00,-9.00
11:29AM,-15.70,8.00,2.00,9.00,1.00,8.00,8.00,-13.70,-6.70
11:30AM,-12.70,14.00,2.00,1.00,0.00,14.00,14.00,-15.70,-16.70
11:31AM,-29.00,21.00,4.00,14.00,0.00,21.00,21.00,-31.00,-21.00
11:32AM,-32.00,24.00,4.00,13.00,2.00,24.00,24.00,-34.00,-25.00
11:33AM,-34.30,27.00,5.00,13.00,0.00,27.00,27.00,-36.30,-28.30
11:34AM,-34.00,28.00,5.00,10.00,0.00,28.00,28.00,-35.00,-30.00
11:35AM,-32.70,29.00,4.00,7.00,1.00,29.00,29.00,-34.70,-31.70
11:36AM,-28.70,26.00,4.00,5.00,0.00,26.00,26.00,-29.70,-28.70
11:37AM,-22.00,21.00,3.00,0.00,1.00,21.00,21.00,-21.00,-24.00
11:38AM,-12.00,14.00,2.00,-3.00,0.00,14.00,14.00,-12.00,-17.00
11:39AM,-2.00,6.00,0.00,-6.00,0.00,6.00,6.00,-2.00,-8.00
11:40AM,7.00,-3.00,0.00,-8.00,0.00,-3.00,-3.00,9.00,1.00
11:41AM,17.30,-12.00,-2.00,-10.00,0.00,-12.00,-12.00,19.30,11.30
11:42AM,24.00,-18.00,-3.00,-10.00,0.00,-18.00,-18.00,25.00,18.00
11:43AM,29.00,-24.00,-3.00,-9.00,-1.00,-24.00,-24.00,31.00,25.00
11:44AM,31.00,-25.00,-4.00,-10.00,0.00,-25.00,-25.00,32.00,26.00
11:45AM,28.30,-25.00,-3.00,-7.00,0.00,-25.00,-25.00,30.30,26.30
11:46AM,26.30,-24.00,-3.00,-5.00,-1.00,-24.00,-24.00,28.30,26.30
11:47AM,22.70,-20.00,-3.00,-4.00,0.00,-20.00,-20.00,22.70,21.70
11:48AM,16.70,-16.00,-3.00,-2.00,0.00,-16.00,-16.00,17.70,18.70
11:49AM,14.70,-14.00,-2.00,-1.00,0.00,-14.00,-14.00,14.70,15.70
11:50AM,9.30,-8.00,-1.00,-1.00,-2.00,-8.00,-8.00,9.30,9.30
11:51AM,6.00,-6.00,-1.00,0.00,0.00,-6.00,-6.00,6.00,7.00
11:52AM,2.70,-4.00,0.00,1.00,0.00,-4.00,-4.00,3.70,4.70
11:53AM,0.30,-1.00,0.00,1.00,0.00,-1.00,-1.00,0.30,1.30
11:54AM,1.00,-1.00,0.00,1.00,0.00,-1.00,-1.00,0.00,1.00
11:55AM,0.30,-1.00,0.00,1.00,0.00,-1.00,-1.00,0.30,1.30
11:56AM,-3.30,2.00,1.00,1.00,0.00,2.00,2.00,-2.30,-2.30
11:57AM,-1.70,1.00,0.00,1.00,0.00,1.00,1.00,-1.70,-0.70
11:58AM,-1.00,1.00,0.00,1.00,0.00,1.00,1.00,-2.00,-1.00
11:59AM,-3.30,2.00,1.00,1.00,0.00,2.00,2.00,-2.30,-2.30
12:00PM,-1.00,1.00,0.00,1.00,0.00,1.00,1.00,-2.00,-1.00
12:01PM,3.70,-3.00,0.00,-1.00,0.00,-3.00,-3.00,3.70,2.70
12:02PM,-2.00,1.00,0.00,2.00,1.00,1.00,1.00,-3.00,-1.00
12:03PM,-3.70,2.00,1.00,2.00,1.00,2.00,2.00,-3.70,-2.70
12:04PM,-2.00,2.00,1.00,2.00,0.00,2.00,2.00,-4.00,-3.00
12:05PM,-2.30,1.00,1.00,3.00,0.00,1.00,1.00,-3.30,-1.30
12:06PM,26.30,-19.00,-20.00,1.00,-2.00,-19.00,-19.00,15.30,36.30
12:07PM,19.30,0.00,2.00,-27.00,0.00,0.00,0.00,17.30,-11.70
12:08PM,-6.30,3.00,4.00,5.00,2.00,3.00,3.00,-7.30,-6.30
12:09PM,-12.30,5.00,5.00,9.00,-2.00,5.00,5.00,-9.30,-5.30
12:10PM,-11.30,6.00,7.00,5.00,2.00,6.00,6.00,-9.30,-11.30
12:11PM,-15.00,6.00,9.00,14.00,1.00,6.00,6.00,-16.00,-11.00
12:12PM,-26.30,7.00,10.00,15.00,0.00,7.00,7.00,-12.30,-7.30
12:13PM,-20.00,9.00,12.00,15.00,1.00,9.00,9.00,-19.00,-16.00
12:14PM,-18.70,7.00,12.00,15.00,1.00,7.00,7.00,-16.70,-13.70
12:15PM,-19.00,7.00,13.00,13.00,0.00,7.00,7.00,-14.00,-14.00
12:16PM,-15.30,6.00,11.00,10.00,0.00,6.00,6.00,-11.30,-12.30
12:17PM,-13.70,4.00,10.00,7.00,1.00,4.00,4.00,-6.70,-9.70
12:18PM,-7.30,3.00,6.00,2.00,-1.00,3.00,3.00,-2.30,-6.30
12:19PM,-2.00,0.00,2.00,-2.00,0.00,0.00,0.00,3.00,-1.00
12:20PM,3.30,-2.00,-1.00,-6.00,0.00,-2.00,-2.00,7.30,2.30
12:21PM,9.00,-4.00,-5.00,-10.00,-1.00,-4.00,-4.00,12.00,7.00
12:22PM,12.30,-5.00,-9.00,-11.00,0.00,-5.00,-5.00,12.30,10.30
12:23PM,15.00,-6.00,-10.00,-13.00,-1.00,-6.00,-6.00,15.00,12.00
12:24PM,17.00,-6.00,-12.00,-13.00,-1.00,-6.00,-6.00,14.00,13.00
12:25PM,15.00,-5.00,-11.00,-12.00,0.00,-5.00,-5.00,12.00,11.00
12:26PM,14.30,-6.00,-11.00,-10.00,-1.00,-6.00,-6.00,12.30,13.30
12:27PM,13.00,-4.00,-9.00,-9.00,-1.00,-4.00,-4.00,9.00,9.00
12:28PM,8.30,-3.00,-7.00,-6.00,0.00,-3.00,-3.00,6.30,7.30
12:29PM,7.30,-2.00,-6.00,-5.00,0.00,-2.00,-2.00,4.30,5.30
12:30PM,5.70,-1.00,-5.00,-3.00,0.00,-1.00,-1.00,1.70,3.70
12:31PM,3.00,-1.00,-3.00,-1.00,0.00,-1.00,-1.00,1.00,3.00
12:32PM,1.30,0.00,-2.00,-1.00,0.00,0.00,0.00,0.30,1.30
12:33PM,0.70,0.00,0.00,0.00,0.00,0.00,0.00,-0.30,-0.30
12:34PM,-1.00,1.00,-1.00,1.00,0.00,1.00,1.00,-2.00,0.00
12:35PM,0.70,0.00,0.00,0.00,0.00,0.00,0.00,-0.30,-0.30
12:36PM,-2.30,1.00,0.00,2.00,0.00,1.00,1.00,-2.30,-0.30
12:37PM,-1.70,1.00,1.00,1.00,0.00,1.00,1.00,-1.70,-1.70
12:38PM,0.00,0.00,0.00,1.00,0.00,0.00,0.00,-1.00,0.00
12:39PM,-1.70,1.00,1.00,1.00,0.00,1.00,1.00,-1.70,-1.70
12:40PM,-1.00,1.00,0.00,1.00,0.00,1.00,1.00,-2.00,-1.00
12:41PM,-0.70,0.00,1.00,1.00,0.00,0.00,0.00,-0.70,-0.70
12:42PM,-1.00,1.00,0.00,1.00,0.00,1.00,1.00,-2.00,-1.00
12:43PM,-0.70,0.00,1.00,1.00,0.00,0.00,0.00,-0.70,-0.70
12:44PM,-1.70,1.00,0.00,2.00,0.00,1.00,1.00,-2.70,-0.70
12:45PM,-0.70,0.00,1.00,1.00,0.00,0.00,0.00,-0.70,-0.70
12:46PM,-1.00,1.00,0.00,1.00,0.00,1.00,1.00,-2.00,-1.00
12:47PM,0.70,0.00,0.00,1.00,0.00,0.00,0.00,-1.30,-0.30
12:48PM,-1.00,1.00,1.00,1.00,0.00,1.00,1.00,-2.00,-2.00
12:49PM,1.30,0.00,0.00,1.00,0.00,0.00,0.00,-1.70,-0.70
12:50PM,2.00,0.00,0.00,1.00,0.00,0.00,0.00,-2.00,-1.00
12:51PM,0.30,1.00,0.00,1.00,0.00,1.00,1.00,-2.70,-1.70
12:52PM,1.30,0.00,1.00,1.00,0.00,0.00,0.00,-1.70,-1.70
12:53PM,2.00,0.00,0.00,1.00,0.00,0.00,0.00,-2.00,-1.00
12:54PM,1.00,1.00,0.00,1.00,0.00,1.00,1.00,-3.00,-2.00
12:55PM,2.70,0.00,0.00,0.00,0.00,0.00,0.00,-1.30,-1.30
12:56PM,52.70,-50.00,-7.00,0.00,0.00,-50.00,-50.00,48.70,55.70
12:57PM,1.00,1.00,1.00,-2.00,0.00,1.00,1.00,0.00,-3.00
12:58PM,6.00,0.00,0.00,-9.00,0.00,0.00,0.00,6.00,-3.00
12:59PM,-1.00,-1.00,0.00,0.00,0.00,-1.00,-1.00,2.00,2.00
01:00PM,6.30,1.00,0.00,-11.00,0.00,1.00,1.00,6.30,-4.70
01:01PM,-2.30,1.00,0.00,0.00,0.00,1.00,1.00,-0.30,-0.30
01:02PM,-2.00,0.00,0.00,0.00,0.00,0.00,0.00,1.00,1.00
01:03PM,-3.70,1.00,1.00,0.00,0.00,1.00,1.00,0.30,-0.70
01:04PM,-3.00,1.00,0.00,0.00,0.00,1.00,1.00,0.00,0.00
01:05PM,-3.70,1.00,0.00,1.00,0.00,1.00,1.00,-0.70,0.30
01:06PM,-4.30,1.00,0.00,1.00,0.00,1.00,1.00,-0.30,0.70
01:07PM,-3.70,1.00,0.00,2.00,0.00,1.00,1.00,-1.70,0.30
01:08PM,-5.00,1.00,1.00,4.00,0.00,1.00,1.00,-3.00,0.00
01:09PM,-9.00,5.00,1.00,5.00,0.00,5.00,5.00,-8.00,-4.00
01:10PM,-8.70,4.00,2.00,6.00,0.00,4.00,4.00,-7.70,-3.70
01:11PM,11.00,-1.00,-19.00,-2.00,-2.00,-1.00,-1.00,-1.00,16.00
01:12PM,-10.00,5.00,4.00,8.00,1.00,5.00,5.00,-11.00,-7.00
01:13PM,-19.30,12.00,5.00,13.00,0.00,12.00,12.00,-21.30,-13.30
01:14PM,-29.30,16.00,6.00,21.00,0.00,16.00,16.00,-30.30,-15.30
01:15PM,-37.70,22.00,10.00,20.00,1.00,22.00,22.00,-34.70,-24.70
01:16PM,-45.70,27.00,11.00,30.00,2.00,27.00,27.00,-48.70,-29.70
01:17PM,-51.70,31.00,14.00,32.00,0.00,31.00,31.00,-52.70,-34.70
01:18PM,-57.00,36.00,16.00,32.00,1.00,36.00,36.00,-58.00,-42.00
01:19PM,-58.30,38.00,17.00,30.00,1.00,38.00,38.00,-58.30,-45.30
01:20PM,-56.00,39.00,17.00,25.00,1.00,39.00,39.00,-56.00,-48.00
01:21PM,-49.30,35.00,16.00,18.00,1.00,35.00,35.00,-46.30,-44.30
01:22PM,-36.30,28.00,12.00,10.00,1.00,28.00,28.00,-34.30,-36.30
01:23PM,-22.30,20.00,9.00,-1.00,1.00,20.00,20.00,-18.30,-28.30
01:24PM,-3.30,8.00,3.00,-10.00,0.00,8.00,8.00,-0.30,-13.30
01:25PM,14.00,-4.00,-2.00,-18.00,0.00,-4.00,-4.00,17.00,1.00
01:26PM,29.30,-15.00,-7.00,-25.00,-1.00,-15.00,-15.00,33.30,15.30
01:27PM,43.00,-25.00,-11.00,-29.00,0.00,-25.00,-25.00,45.00,27.00
01:28PM,50.70,-31.00,-15.00,-30.00,-1.00,-31.00,-31.00,51.70,36.70
01:29PM,54.30,-34.00,-16.00,-30.00,-1.00,-34.00,-34.00,54.30,40.30
01:30PM,52.70,-35.00,-16.00,-26.00,-1.00,-35.00,-35.00,52.70,42.70
01:31PM,48.70,-33.00,-14.00,-23.00,-1.00,-33.00,-33.00,48.70,39.70
01:32PM,42.00,-29.00,-13.00,-18.00,-1.00,-29.00,-29.00,41.00,36.00
01:33PM,34.00,-24.00,-10.00,-14.00,0.00,-24.00,-24.00,33.00,29.00
01:34PM,27.70,-19.00,-8.00,-11.00,-2.00,-19.00,-19.00,26.70,23.70
01:35PM,19.30,-14.00,-7.00,-7.00,0.00,-14.00,-14.00,18.30,18.30
01:36PM,13.70,-11.00,-4.00,-4.00,0.00,-11.00,-11.00,13.70,13.70
01:37PM,9.00,-7.00,-2.00,-3.00,0.00,-7.00,-7.00,9.00,8.00
01:38PM,6.30,-5.00,-2.00,-1.00,0.00,-5.00,-5.00,5.30,6.30
01:39PM,1.30,-2.00,0.00,0.00,0.00,-2.00,-2.00,2.30,2.30
01:40PM,3.00,-3.00,-1.00,0.00,0.00,-3.00,-3.00,3.00,4.00
01:41PM,-0.70,0.00,1.00,1.00,0.00,0.00,0.00,-0.70,-0.70
01:42PM,-1.70,1.00,0.00,1.00,0.00,1.00,1.00,-1.70,-0.70
01:43PM,-1.30,0.00,1.00,2.00,0.00,0.00,0.00,-1.30,-0.30
01:44PM,-1.70,1.00,0.00,1.00,0.00,1.00,1.00,-1.70,-0.70
01:45PM,-1.70,1.00,1.00,1.00,0.00,1.00,1.00,-1.70,-1.70
01:46PM,-2.30,1.00,0.00,2.00,0.00,1.00,1.00,-2.30,-0.30
01:47PM,-0.70,0.00,0.00,2.00,0.00,0.00,0.00,-1.70,0.30
01:48PM,-3.00,1.00,1.00,2.00,0.00,1.00,1.00,-2.00,-1.00
01:49PM,-3.00,1.00,0.00,2.00,0.00,1.00,1.00,-2.00,0.00
01:50PM,-1.70,1.00,1.00,1.00,0.00,1.00,1.00,-1.70,-1.70
01:51PM,-3.00,1.00,1.00,2.00,0.00,1.00,1.00,-2.00,-1.00
01:52PM,-4.00,2.00,1.00,3.00,0.00,2.00,2.00,-4.00,-2.00
01:53PM,-4.00,2.00,1.00,2.00,0.00,2.00,2.00,-3.00,-2.00
01:54PM,-1.70,1.00,1.00,1.00,0.00,1.00,1.00,-1.70,-1.70
01:55PM,-2.70,2.00,1.00,1.00,0.00,2.00,2.00,-2.70,-2.70
01:56PM,-1.70,1.00,0.00,1.00,0.00,1.00,1.00,-1.70,-0.70
01:57PM,-2.30,1.00,2.00,0.00,0.00,1.00,1.00,-0.30,-2.30
01:58PM,-1.00,1.00,1.00,-1.00,0.00,1.00,1.00,0.00,-2.00
01:59PM,1.30,0.00,0.00,-1.00,0.00,0.00,0.00,0.30,-0.70
02:00PM,0.70,0.00,0.00,-1.00,0.00,0.00,0.00,0.70,-0.30
02:01PM,0.70,0.00,0.00,-1.00,0.00,0.00,0.00,0.70,-0.30
02:02PM,0.70,0.00,0.00,-1.00,0.00,0.00,0.00,0.70,-0.30
02:03PM,1.00,-1.00,0.00,-1.00,0.00,-1.00,-1.00,2.00,1.00
02:04PM,3.00,-1.00,-1.00,-2.00,0.00,-1.00,-1.00,2.00,1.00
02:05PM,1.00,-1.00,0.00,0.00,0.00,-1.00,-1.00,1.00,1.00
02:06PM,1.70,-1.00,0.00,-1.00,0.00,-1.00,-1.00,1.70,0.70
02:07PM,1.00,-1.00,0.00,0.00,0.00,-1.00,-1.00,1.00,1.00
02:08PM,1.30,0.00,-2.00,0.00,0.00,0.00,0.00,-0.70,1.30
02:09PM,1.00,-1.00,0.00,0.00,0.00,-1.00,-1.00,1.00,1.00
02:10PM,0.70,0.00,0.00,0.00,0.00,0.00,0.00,-0.30,-0.30
02:11PM,0.00,0.00,0.00,0.00,0.00,0.00,0.00,0.00,0.00
02:12PM,1.00,-1.00,0.00,0.00,0.00,-1.00,-1.00,1.00,1.00
02:13PM,-1.00,1.00,0.00,1.00,0.00,1.00,1.00,-2.00,-1.00
02:14PM,-2.00,0.00,2.00,2.00,2.00,0.00,0.00,-2.00,-2.00
02:15PM,-1.00,1.00,0.00,2.00,0.00,1.00,1.00,-3.00,-1.00
02:16PM,27.00,-17.00,-16.00,-12.00,0.00,-17.00,-17.00,24.00,28.00
02:17PM,2.00,-2.00,1.00,-2.00,0.00,-2.00,-2.00,4.00,1.00
02:18PM,-3.30,2.00,2.00,2.00,0.00,2.00,2.00,-3.30,-3.30
02:19PM,-4.30,-1.00,2.00,5.00,0.00,-1.00,-1.00,-1.30,1.70
02:20PM,-2.30,3.00,4.00,2.00,0.00,3.00,3.00,-5.30,-7.30
02:21PM,-8.30,4.00,5.00,9.00,1.00,4.00,4.00,-11.30,-7.30
02:22PM,-12.30,5.00,7.00,9.00,0.00,5.00,5.00,-10.30,-8.30
02:23PM,-12.00,7.00,6.00,11.00,1.00,7.00,7.00,-16.00,-11.00
02:24PM,-11.70,6.00,7.00,10.00,1.00,6.00,6.00,-13.70,-10.70
02:25PM,-10.70,5.00,7.00,10.00,1.00,5.00,5.00,-12.70,-9.70
02:26PM,-10.70,5.00,6.00,8.00,1.00,5.00,5.00,-10.70,-8.70
02:27PM,-11.30,4.00,6.00,6.00,0.00,4.00,4.00,-6.30,-6.30
02:28PM,-5.00,2.00,3.00,3.00,1.00,2.00,2.00,-4.00,-4.00
02:29PM,-3.70,1.00,2.00,0.00,0.00,1.00,1.00,0.30,-1.70
02:30PM,1.00,-1.00,-1.00,-3.00,0.00,-1.00,-1.00,4.00,2.00
02:31PM,5.30,-3.00,-3.00,-7.00,-1.00,-3.00,-3.00,9.30,5.30
02:32PM,7.30,-4.00,-4.00,-8.00,0.00,-4.00,-4.00,10.30,6.30
02:33PM,8.30,-4.00,-6.00,-9.00,-1.00,-4.00,-4.00,11.30,8.30
02:34PM,10.70,-5.00,-6.00,-10.00,-1.00,-5.00,-5.00,12.70,8.70
02:35PM,9.30,-5.00,-6.00,-8.00,-1.00,-5.00,-5.00,11.30,9.30
02:36PM,9.70,-5.00,-6.00,-8.00,0.00,-5.00,-5.00,10.70,8.70
02:37PM,8.30,-4.00,-5.00,-6.00,-1.00,-4.00,-4.00,8.30,7.30
02:38PM,5.00,-2.00,-4.00,-3.00,-1.00,-2.00,-2.00,4.00,5.00
02:39PM,3.00,-1.00,-3.00,-1.00,0.00,-1.00,-1.00,1.00,3.00
02:40PM,1.00,-1.00,-1.00,1.00,0.00,-1.00,-1.00,0.00,2.00
02:41PM,53.00,-43.00,-17.00,0.00,-2.00,-43.00,-43.00,39.00,56.00
02:42PM,0.00,2.00,1.00,0.00,0.00,2.00,2.00,-3.00,-4.00
02:43PM,-6.00,4.00,3.00,5.00,0.00,4.00,4.00,-8.00,-6.00
02:44PM,-9.00,5.00,4.00,9.00,0.00,5.00,5.00,-12.00,-7.00
02:45PM,-7.00,7.00,6.00,4.00,0.00,7.00,7.00,-11.00,-13.00
02:46PM,-19.30,10.00,9.00,14.00,2.00,10.00,10.00,-20.30,-15.30
02:47PM,-18.70,10.00,10.00,14.00,0.00,10.00,10.00,-19.70,-15.70
02:48PM,-21.30,13.00,11.00,12.00,1.00,13.00,13.00,-21.30,-20.30
02:49PM,-22.00,14.00,12.00,11.00,0.00,14.00,14.00,-21.00,-22.00
02:50PM,-20.00,13.00,11.00,8.00,1.00,13.00,13.00,-18.00,-21.00
02:51PM,-18.00,12.00,11.00,5.00,0.00,12.00,12.00,-14.00,-20.00
02:52PM,-13.70,10.00,9.00,0.00,1.00,10.00,10.00,-8.70,-17.70
02:53PM,-6.70,6.00,6.00,-4.00,0.00,6.00,6.00,-1.70,-11.70
02:54PM,-1.00,3.00,3.00,-7.00,0.00,3.00,3.00,3.00,-7.00
02:55PM,5.00,-1.00,-1.00,-10.00,0.00,-1.00,-1.00,9.00,0.00
02:56PM,10.70,-4.00,-5.00,-12.00,0.00,-4.00,-4.00,12.70,5.70
02:57PM,15.70,-8.00,-8.00,-12.00,-1.00,-8.00,-8.00,16.70,12.70
02:58PM,16.70,-10.00,-9.00,-11.00,0.00,-10.00,-10.00,17.70,15.70
02:59PM,19.00,-10.00,-11.00,-11.00,-1.00,-10.00,-10.00,17.00,17.00
03:00PM,17.30,-10.00,-11.00,-9.00,0.00,-10.00,-10.00,15.30,17.30
03:01PM,15.30,-10.00,-9.00,-7.00,0.00,-10.00,-10.00,14.30,16.30
03:02PM,16.00,-9.00,-9.00,-7.00,-1.00,-9.00,-9.00,13.00,15.00
03:03PM,10.00,-6.00,-7.00,-4.00,0.00,-6.00,-6.00,8.00,11.00
03:04PM,7.70,-5.00,-5.00,-2.00,0.00,-5.00,-5.00,5.70,8.70
03:05PM,5.30,-3.00,-5.00,-2.00,-1.00,-3.00,-3.00,4.30,7.30
03:06PM,3.70,-2.00,-2.00,-1.00,-1.00,-2.00,-2.00,2.70,3.70
03:07PM,0.00,0.00,-2.00,0.00,0.00,0.00,0.00,0.00,2.00
03:08PM,0.00,0.00,-1.00,1.00,0.00,0.00,0.00,-1.00,1.00
03:09PM,0.00,0.00,0.00,0.00,0.00,0.00,0.00,0.00,0.00
03:10PM,-0.70,0.00,-1.00,1.00,0.00,0.00,0.00,-0.70,1.30
03:11PM,-1.00,1.00,1.00,0.00,0.00,1.00,1.00,-1.00,-2.00
03:12PM,-2.70,2.00,0.00,1.00,0.00,2.00,2.00,-2.70,-1.70
03:13PM,-1.70,1.00,1.00,1.00,0.00,1.00,1.00,-1.70,-1.70
03:14PM,-1.00,1.00,0.00,0.00,0.00,1.00,1.00,-1.00,-1.00
03:15PM,-2.30,1.00,1.00,1.00,0.00,1.00,1.00,-1.30,-1.30
03:16PM,-1.00,1.00,0.00,1.00,0.00,1.00,1.00,-2.00,-1.00
03:17PM,-3.00,1.00,0.00,0.00,0.00,1.00,1.00,0.00,0.00
03:18PM,-1.70,1.00,1.00,1.00,0.00,1.00,1.00,-1.70,-1.70
03:19PM,-1.70,1.00,0.00,1.00,0.00,1.00,1.00,-1.70,-0.70
03:20PM,-1.70,1.00,1.00,1.00,0.00,1.00,1.00,-1.70,-1.70
03:21PM,18.30,-5.00,-11.00,-9.00,0.00,-5.00,-5.00,7.30,9.30
03:22PM,-0.70,2.00,0.00,-1.00,0.00,2.00,2.00,-1.70,-2.70
03:23PM,-2.70,2.00,1.00,1.00,0.00,2.00,2.00,-2.70,-2.70
03:24PM,-2.00,2.00,0.00,1.00,0.00,2.00,2.00,-3.00,-2.00
03:25PM,-3.30,4.00,1.00,2.00,0.00,4.00,4.00,-6.30,-5.30
03:26PM,-3.70,3.00,1.00,3.00,2.00,3.00,3.00,-6.70,-4.70
03:27PM,-6.70,6.00,1.00,4.00,0.00,6.00,6.00,-9.70,-6.70
03:28PM,-5.00,5.00,1.00,3.00,0.00,5.00,5.00,-8.00,-6.00
03:29PM,-6.00,5.00,1.00,4.00,1.00,5.00,5.00,-9.00,-6.00
03:30PM,-6.70,6.00,1.00,3.00,0.00,6.00,6.00,-8.70,-6.70
03:31PM,-5.00,5.00,1.00,2.00,0.00,5.00,5.00,-7.00,-6.00
03:32PM,-5.00,4.00,1.00,2.00,1.00,4.00,4.00,-6.00,-5.00
03:33PM,-2.70,2.00,1.00,0.00,0.00,2.00,2.00,-1.70,-2.70
03:34PM,-3.30,2.00,1.00,0.00,0.00,2.00,2.00,-1.30,-2.30
03:35PM,1.00,-1.00,0.00,-2.00,0.00,-1.00,-1.00,3.00,1.00
03:36PM,2.00,-2.00,0.00,-2.00,0.00,-2.00,-2.00,4.00,2.00
03:37PM,1.70,-3.00,0.00,-2.00,0.00,-3.00,-3.00,5.70,3.70
03:38PM,4.30,-4.00,-1.00,-2.00,-1.00,-4.00,-4.00,6.30,5.30
03:39PM,4.00,-4.00,0.00,-4.00,0.00,-4.00,-4.00,8.00,4.00
03:40PM,5.00,-5.00,-1.00,-2.00,0.00,-5.00,-5.00,7.00,6.00
03:41PM,3.00,-4.00,0.00,-1.00,-1.00,-4.00,-4.00,6.00,5.00
03:42PM,2.30,-3.00,0.00,-1.00,0.00,-3.00,-3.00,4.30,3.30
03:43PM,2.30,-3.00,-1.00,-1.00,0.00,-3.00,-3.00,4.30,4.30
03:44PM,2.00,-3.00,0.00,0.00,-1.00,-3.00,-3.00,4.00,4.00
03:45PM,2.30,-2.00,0.00,0.00,-1.00,-2.00,-2.00,2.30,2.30
03:46PM,-0.30,-1.00,1.00,0.00,0.00,-1.00,-1.00,1.70,0.70
03:47PM,1.00,-1.00,0.00,0.00,0.00,-1.00,-1.00,1.00,1.00
03:48PM,-0.70,0.00,0.00,1.00,0.00,0.00,0.00,-0.70,0.30
03:49PM,-0.70,0.00,0.00,1.00,0.00,0.00,0.00,-0.70,0.30
03:50PM,0.30,-1.00,0.00,1.00,0.00,-1.00,-1.00,0.30,1.30
03:51PM,-2.30,1.00,1.00,1.00,0.00,1.00,1.00,-1.30,-1.30
03:52PM,-0.70,0.00,0.00,1.00,0.00,0.00,0.00,-0.70,0.30
03:53PM,-0.70,0.00,0.00,1.00,0.00,0.00,0.00,-0.70,0.30
03:54PM,-2.00,0.00,1.00,3.00,0.00,0.00,0.00,-2.00,0.00
03:55PM,0.00,0.00,0.00,0.00,0.00,0.00,0.00,0.00,0.00
03:56PM,-0.70,0.00,0.00,1.00,0.00,0.00,0.00,-0.70,0.30
03:57PM,-4.30,1.00,0.00,1.00,0.00,1.00,1.00,-0.30,0.70
03:58PM,-0.70,0.00,1.00,0.00,0.00,0.00,0.00,0.30,-0.70
03:59PM,0.70,0.00,0.00,0.00,0.00,0.00,0.00,-0.30,-0.30
04:00PM,0.70,0.00,0.00,-1.00,0.00,0.00,0.00,0.70,-0.30
04:01PM,0.00,0.00,0.00,0.00,0.00,0.00,0.00,0.00,0.00
04:02PM,0.00,0.00,1.00,-1.00,0.00,0.00,0.00,1.00,-1.00
04:03PM,0.70,0.00,0.00,0.00,0.00,0.00,0.00,-0.30,-0.30
04:04PM,1.30,0.00,0.00,-2.00,0.00,0.00,0.00,1.30,-0.70
04:05PM,-1.70,1.00,1.00,0.00,0.00,1.00,1.00,-0.70,-1.70
04:06PM,0.70,0.00,0.00,0.00,0.00,0.00,0.00,-0.30,-0.30
04:07PM,0.70,0.00,0.00,-1.00,0.00,0.00,0.00,0.70,-0.30
04:08PM,0.70,0.00,0.00,0.00,0.00,0.00,0.00,-0.30,-0.30
04:09PM,-1.30,0.00,2.00,0.00,0.00,0.00,0.00,0.70,-1.30
04:10PM,0.00,0.00,0.00,0.00,0.00,0.00,0.00,0.00,0.00
04:11PM,31.00,-21.00,-22.00,-2.00,0.00,-21.00,-21.00,18.00,38.00
04:12PM,4.70,-2.00,0.00,-7.00,0.00,-2.00,-2.00,7.70,0.70
04:13PM,1.30,0.00,0.00,-2.00,0.00,0.00,0.00,1.30,-0.70
04:14PM,-2.70,0.00,0.00,-1.00,0.00,0.00,0.00,2.30,1.30
04:15PM,6.70,0.00,0.00,-13.00,0.00,0.00,0.00,9.70,-3.30
04:16PM,0.00,0.00,0.00,0.00,0.00,0.00,0.00,0.00,0.00
04:17PM,-1.70,1.00,0.00,1.00,0.00,1.00,1.00,-1.70,-0.70
04:18PM,0.00,0.00,0.00,0.00,0.00,0.00,0.00,0.00,0.00
04:19PM,-0.70,0.00,0.00,1.00,0.00,0.00,0.00,-0.70,0.30
04:20PM,-2.30,1.00,1.00,2.00,0.00,1.00,1.00,-2.30,-1.30
04:21PM,-0.70,0.00,0.00,1.00,0.00,0.00,0.00,-0.70,0.30
04:22PM,-2.30,1.00,1.00,2.00,0.00,1.00,1.00,-2.30,-1.30
04:23PM,0.00,0.00,0.00,1.00,0.00,0.00,0.00,-1.00,0.00
04:24PM,-1.70,1.00,0.00,2.00,0.00,1.00,1.00,-2.70,-0.70
04:25PM,-2.00,0.00,1.00,2.00,0.00,0.00,0.00,-1.00,0.00
04:26PM,11.70,-12.00,-2.00,-3.00,-3.00,-12.00,-12.00,16.70,15.70
04:27PM,1.30,0.00,0.00,-3.00,0.00,0.00,0.00,2.30,-0.70
04:28PM,8.30,1.00,1.00,-15.00,0.00,1.00,1.00,9.30,-6.70
04:29PM,-4.00,0.00,1.00,1.00,0.00,0.00,0.00,1.00,1.00
04:30PM,-1.30,2.00,0.00,0.00,0.00,2.00,2.00,-2.30,-2.30
04:31PM,4.00,-4.00,0.00,0.00,0.00,-4.00,-4.00,4.00,4.00
04:32PM,-3.00,3.00,0.00,1.00,0.00,3.00,3.00,-4.00,-3.00
04:33PM,-4.30,3.00,1.00,1.00,0.00,3.00,3.00,-3.30,-3.30
04:34PM,-4.30,3.00,1.00,2.00,0.00,3.00,3.00,-4.30,-3.30
04:35PM,-2.70,4.00,0.00,-1.00,0.00,4.00,4.00,-3.70,-4.70
04:36PM,-7.00,5.00,1.00,3.00,0.00,5.00,5.00,-7.00,-5.00
04:37PM,-4.00,4.00,0.00,2.00,0.00,4.00,4.00,-6.00,-4.00
04:38PM,-7.00,5.00,1.00,3.00,0.00,5.00,5.00,-7.00,-5.00
04:39PM,-6.70,5.00,1.00,3.00,1.00,5.00,5.00,-7.70,-5.70
04:40PM,-5.70,5.00,0.00,2.00,0.00,5.00,5.00,-6.70,-4.70
04:41PM,-3.70,3.00,1.00,2.00,0.00,3.00,3.00,-4.70,-3.70
04:42PM,-4.30,3.00,1.00,2.00,0.00,3.00,3.00,-4.30,-3.30
04:43PM,-2.00,2.00,0.00,1.00,0.00,2.00,2.00,-3.00,-2.00
04:44PM,-1.00,1.00,1.00,0.00,0.00,1.00,1.00,-1.00,-2.00
04:45PM,-0.70,0.00,1.00,0.00,0.00,0.00,0.00,0.30,-0.70
04:46PM,0.70,0.00,1.00,-1.00,0.00,0.00,0.00,0.70,-1.30
04:47PM,1.70,-1.00,0.00,-1.00,0.00,-1.00,-1.00,1.70,0.70
04:48PM,1.00,-1.00,1.00,-1.00,0.00,-1.00,-1.00,2.00,0.00
04:49PM,2.30,-2.00,0.00,-1.00,1.00,-2.00,-2.00,2.30,1.30
04:50PM,2.00,-2.00,1.00,-1.00,0.00,-2.00,-2.00,3.00,1.00
04:51PM,2.70,-2.00,0.00,-1.00,0.00,-2.00,-2.00,2.70,1.70
04:52PM,2.00,-2.00,0.00,0.00,0.00,-2.00,-2.00,2.00,2.00
04:53PM,4.00,-4.00,1.00,0.00,0.00,-4.00,-4.00,4.00,3.00
04:54PM,1.30,-2.00,0.00,1.00,0.00,-2.00,-2.00,1.30,2.30
04:55PM,1.70,-1.00,0.00,0.00,0.00,-1.00,-1.00,0.70,0.70
04:56PM,1.30,-2.00,0.00,1.00,0.00,-2.00,-2.00,1.30,2.30
04:57PM,0.30,-1.00,1.00,1.00,0.00,-1.00,-1.00,0.30,0.30
04:58PM,1.00,-1.00,0.00,1.00,0.00,-1.00,-1.00,0.00,1.00
04:59PM,0.00,0.00,0.00,0.00,0.00,0.00,0.00,0.00,0.00
05:00PM,0.00,0.00,0.00,1.00,0.00,0.00,0.00,-1.00,0.00
05:01PM,-1.00,0.00,0.00,1.00,1.00,0.00,0.00,-1.00,0.00
05:02PM,-4.70,0.00,1.00,1.00,0.00,0.00,0.00,1.30,1.30
05:03PM,0.00,0.00,0.00,1.00,0.00,0.00,0.00,-1.00,0.00
05:04PM,-1.70,1.00,0.00,1.00,0.00,1.00,1.00,-1.70,-0.70
05:05PM,0.00,0.00,0.00,1.00,0.00,0.00,0.00,-1.00,0.00
05:06PM,-1.00,1.00,0.00,0.00,0.00,1.00,1.00,-1.00,-1.00
05:07PM,-0.70,0.00,1.00,1.00,0.00,0.00,0.00,-0.70,-0.70
05:08PM,-1.70,1.00,0.00,1.00,0.00,1.00,1.00,-1.70,-0.70
05:09PM,0.70,0.00,0.00,0.00,0.00,0.00,0.00,-0.30,-0.30
05:10PM,-0.70,0.00,0.00,1.00,0.00,0.00,0.00,-0.70,0.30
05:11PM,-1.00,1.00,0.00,0.00,0.00,1.00,1.00,-1.00,-1.00
05:12PM,0.00,0.00,0.00,1.00,0.00,0.00,0.00,-1.00,0.00
05:13PM,0.00,0.00,0.00,0.00,0.00,0.00,0.00,0.00,0.00
05:14PM,-1.70,1.00,1.00,1.00,0.00,1.00,1.00,-1.70,-1.70
05:15PM,0.00,0.00,0.00,0.00,0.00,0.00,0.00,0.00,0.00
05:16PM,0.00,0.00,0.00,0.00,0.00,0.00,0.00,0.00,0.00
05:17PM,0.00,0.00,0.00,1.00,0.00,0.00,0.00,-1.00,0.00
05:18PM,-1.00,1.00,0.00,0.00,0.00,1.00,1.00,-1.00,-1.00
05:19PM,0.00,0.00,0.00,0.00,0.00,0.00,0.00,0.00,0.00
05:20PM,0.00,0.00,0.00,1.00,0.00,0.00,0.00,-1.00,0.00
05:21PM,0.00,0.00,0.00,0.00,0.00,0.00,0.00,0.00,0.00
05:22PM,0.00,0.00,0.00,0.00,0.00,0.00,0.00,0.00,0.00
05:23PM,0.70,0.00,0.00,0.00,0.00,0.00,0.00,-0.30,-0.30
05:24PM,-0.70,0.00,0.00,1.00,0.00,0.00,0.00,-0.70,0.30
05:25PM,-1.00,1.00,0.00,0.00,0.00,1.00,1.00,-1.00,-1.00
05:26PM,0.00,0.00,0.00,0.00,0.00,0.00,0.00,0.00,0.00
05:27PM,0.70,0.00,0.00,0.00,0.00,0.00,0.00,-0.30,-0.30
05:28PM,0.00,0.00,0.00,0.00,0.00,0.00,0.00,0.00,0.00
05:29PM,0.00,0.00,0.00,0.00,0.00,0.00,0.00,0.00,0.00
05:30PM,-0.70,0.00,0.00,1.00,0.00,0.00,0.00,-0.70,0.30
05:31PM,0.00,0.00,0.00,0.00,0.00,0.00,0.00,0.00,0.00
05:32PM,0.70,0.00,0.00,0.00,0.00,0.00,0.00,-0.30,-0.30
05:33PM,0.00,0.00,0.00,0.00,0.00,0.00,0.00,0.00,0.00
05:34PM,0.00,0.00,0.00,0.00,0.00,0.00,0.00,0.00,0.00
05:35PM,0.00,0.00,0.00,0.00,0.00,0.00,0.00,0.00,0.00
05:36PM,0.00,0.00,0.00,0.00,0.00,0.00,0.00,0.00,0.00
05:37PM,0.70,0.00,0.00,0.00,0.00,0.00,0.00,-0.30,-0.30
05:38PM,0.00,0.00,0.00,0.00,0.00,0.00,0.00,0.00,0.00
05:39PM,0.00,0.00,0.00,0.00,0.00,0.00,0.00,0.00,0.00
05:40PM,0.00,0.00,0.00,0.00,0.00,0.00,0.00,0.00,0.00
05:41PM,0.00,0.00,0.00,0.00,0.00,0.00,0.00,0.00,0.00
05:42PM,0.00,0.00,0.00,0.00,0.00,0.00,0.00,0.00,0.00
05:43PM,0.00,0.00,0.00,0.00,0.00,0.00,0.00,0.00,0.00
05:44PM,-2.30,2.00,0.00,0.00,1.00,2.00,2.00,-2.30,-2.30
05:45PM,0.00,0.00,0.00,0.00,0.00,0.00,0.00,0.00,0.00
05:46PM,0.70,0.00,0.00,0.00,0.00,0.00,0.00,-0.30,-0.30
05:47PM,0.30,1.00,0.00,-2.00,0.00,1.00,1.00,0.30,-1.70
05:48PM,-1.00,1.00,0.00,0.00,0.00,1.00,1.00,-1.00,-1.00
05:49PM,-1.00,1.00,0.00,0.00,0.00,1.00,1.00,-1.00,-1.00
05:50PM,-2.70,2.00,1.00,0.00,0.00,2.00,2.00,-1.70,-2.70
05:51PM,2.00,-2.00,0.00,0.00,0.00,-2.00,-2.00,2.00,2.00
05:52PM,-3.00,3.00,0.00,0.00,0.00,3.00,3.00,-3.00,-3.00
05:53PM,-3.00,3.00,0.00,0.00,0.00,3.00,3.00,-3.00,-3.00
05:54PM,-3.00,3.00,0.00,0.00,0.00,3.00,3.00,-3.00,-3.00
05:55PM,-3.70,3.00,1.00,0.00,0.00,3.00,3.00,-2.70,-3.70
05:56PM,-3.00,3.00,0.00,0.00,0.00,3.00,3.00,-3.00,-3.00
05:57PM,-3.00,3.00,0.00,0.00,0.00,3.00,3.00,-3.00,-3.00
05:58PM,-1.00,1.00,0.00,0.00,0.00,1.00,1.00,-1.00,-1.00
05:59PM,-1.00,1.00,0.00,0.00,0.00,1.00,1.00,-1.00,-1.00
06:00PM,1.00,-1.00,0.00,0.00,0.00,-1.00,-1.00,1.00,1.00
06:01PM,2.30,-1.00,-2.00,0.00,0.00,-1.00,-1.00,0.30,2.30
06:02PM,2.00,-2.00,2.00,-2.00,0.00,-2.00,-2.00,4.00,0.00
06:03PM,3.00,-3.00,0.00,0.00,0.00,-3.00,-3.00,3.00,3.00
06:04PM,3.00,-3.00,0.00,0.00,0.00,-3.00,-3.00,3.00,3.00
06:05PM,3.70,-3.00,0.00,-1.00,0.00,-3.00,-3.00,3.70,2.70
06:06PM,3.00,-3.00,0.00,0.00,0.00,-3.00,-3.00,3.00,3.00
06:07PM,3.00,-3.00,0.00,0.00,0.00,-3.00,-3.00,3.00,3.00
06:08PM,2.00,-2.00,0.00,0.00,0.00,-2.00,-2.00,2.00,2.00
06:09PM,0.30,-1.00,0.00,1.00,0.00,-1.00,-1.00,0.30,1.30
06:10PM,3.00,-3.00,0.00,0.00,0.00,-3.00,-3.00,3.00,3.00
06:11PM,0.00,0.00,0.00,0.00,0.00,0.00,0.00,0.00,0.00
06:12PM,1.00,-1.00,0.00,0.00,0.00,-1.00,-1.00,1.00,1.00
06:13PM,1.30,0.00,0.00,0.00,0.00,0.00,0.00,-0.70,-0.70
06:14PM,0.00,0.00,0.00,0.00,0.00,0.00,0.00,0.00,0.00
06:15PM,0.00,0.00,0.00,0.00,0.00,0.00,0.00,0.00,0.00
06:16PM,0.00,0.00,0.00,0.00,0.00,0.00,0.00,0.00,0.00
06:17PM,-0.70,0.00,0.00,1.00,0.00,0.00,0.00,-0.70,0.30
06:18PM,2.00,0.00,-2.00,0.00,0.00,0.00,0.00,-1.00,1.00
06:19PM,0.70,0.00,0.00,0.00,0.00,0.00,0.00,-0.30,-0.30
06:20PM,0.70,0.00,0.00,0.00,0.00,0.00,0.00,-0.30,-0.30
06:21PM,0.70,0.00,0.00,0.00,0.00,0.00,0.00,-0.30,-0.30
06:22PM,1.30,0.00,0.00,0.00,0.00,0.00,0.00,-0.70,-0.70
06:23PM,1.30,0.00,0.00,0.00,0.00,0.00,0.00,-0.70,-0.70
06:24PM,0.00,0.00,0.00,1.00,0.00,0.00,0.00,-1.00,0.00
06:25PM,1.30,0.00,0.00,0.00,0.00,0.00,0.00,-0.70,-0.70
06:26PM,0.70,0.00,0.00,0.00,0.00,0.00,0.00,-0.30,-0.30
06:27PM,-1.00,1.00,0.00,0.00,0.00,1.00,1.00,-1.00,-1.00
06:28PM,0.70,0.00,0.00,0.00,0.00,0.00,0.00,-0.30,-0.30
06:29PM,4.30,-5.00,0.00,0.00,0.00,-5.00,-5.00,5.30,5.30
06:30PM,-0.70,0.00,0.00,0.00,0.00,0.00,0.00,0.30,0.30
06:31PM,-0.70,0.00,0.00,0.00,0.00,0.00,0.00,0.30,0.30
06:32PM,-1.30,0.00,0.00,1.00,0.00,0.00,0.00,-0.30,0.70
06:33PM,0.00,0.00,0.00,-2.00,0.00,0.00,0.00,2.00,0.00
06:34PM,-1.30,0.00,0.00,0.00,0.00,0.00,0.00,0.70,0.70
06:35PM,-0.70,0.00,0.00,0.00,0.00,0.00,0.00,0.30,0.30
06:36PM,-2.00,0.00,0.00,1.00,0.00,0.00,0.00,0.00,1.00
06:37PM,-0.70,0.00,0.00,0.00,0.00,0.00,0.00,0.30,0.30
06:38PM,-1.70,1.00,0.00,0.00,0.00,1.00,1.00,-0.70,-0.70
06:39PM,0.00,0.00,0.00,0.00,0.00,0.00,0.00,0.00,0.00
06:40PM,-1.30,0.00,0.00,0.00,0.00,0.00,0.00,0.70,0.70
06:41PM,0.70,0.00,0.00,-1.00,0.00,0.00,0.00,0.70,-0.30
06:42PM,0.00,0.00,0.00,0.00,0.00,0.00,0.00,0.00,0.00
06:43PM,0.00,0.00,0.00,0.00,0.00,0.00,0.00,0.00,0.00
06:44PM,-0.70,0.00,0.00,1.00,0.00,0.00,0.00,-0.70,0.30
06:45PM,-1.00,1.00,0.00,0.00,0.00,1.00,1.00,-1.00,-1.00
06:46PM,0.00,0.00,0.00,0.00,0.00,0.00,0.00,0.00,0.00
06:47PM,0.00,0.00,0.00,0.00,0.00,0.00,0.00,0.00,0.00
06:48PM,-1.00,1.00,0.00,0.00,0.00,1.00,1.00,-1.00,-1.00
06:49PM,0.00,0.00,0.00,0.00,0.00,0.00,0.00,0.00,0.00
06:50PM,-1.00,1.00,0.00,0.00,0.00,1.00,1.00,-1.00,-1.00
06:51PM,-1.00,1.00,0.00,0.00,0.00,1.00,1.00,-1.00,-1.00
06:52PM,-2.00,2.00,0.00,0.00,0.00,2.00,2.00,-2.00,-2.00
06:53PM,-1.00,1.00,0.00,0.00,0.00,1.00,1.00,-1.00,-1.00
06:54PM,-1.70,1.00,0.00,1.00,0.00,1.00,1.00,-1.70,-0.70
06:55PM,-1.00,1.00,0.00,0.00,0.00,1.00,1.00,-1.00,-1.00
06:56PM,-1.00,1.00,0.00,0.00,0.00,1.00,1.00,-1.00,-1.00
06:57PM,-1.00,1.00,0.00,0.00,0.00,1.00,1.00,-1.00,-1.00
06:58PM,-1.00,1.00,0.00,0.00,0.00,1.00,1.00,-1.00,-1.00
06:59PM,0.00,0.00,0.00,0.00,0.00,0.00,0.00,0.00,0.00
07:00PM,0.00,0.00,0.00,0.00,0.00,0.00,0.00,0.00,0.00
07:01PM,0.00,0.00,0.00,0.00,0.00,0.00,0.00,0.00,0.00
07:02PM,1.00,-1.00,0.00,0.00,0.00,-1.00,-1.00,1.00,1.00
07:03PM,1.70,-1.00,0.00,-1.00,0.00,-1.00,-1.00,1.70,0.70
07:04PM,1.00,-1.00,0.00,0.00,0.00,-1.00,-1.00,1.00,1.00
07:05PM,0.30,-1.00,0.00,1.00,0.00,-1.00,-1.00,0.30,1.30
07:06PM,1.00,-1.00,0.00,0.00,0.00,-1.00,-1.00,1.00,1.00
07:07PM,0.00,0.00,0.00,0.00,0.00,0.00,0.00,0.00,0.00
07:08PM,1.00,-1.00,0.00,0.00,0.00,-1.00,-1.00,1.00,1.00
07:09PM,0.00,0.00,0.00,0.00,0.00,0.00,0.00,0.00,0.00
07:10PM,2.00,-2.00,0.00,0.00,0.00,-2.00,-2.00,2.00,2.00
07:11PM,0.00,0.00,0.00,0.00,0.00,0.00,0.00,0.00,0.00
07:12PM,0.70,0.00,0.00,1.00,0.00,0.00,0.00,-1.30,-0.30
07:13PM,0.00,0.00,0.00,0.00,0.00,0.00,0.00,0.00,0.00
07:14PM,-5.00,2.00,2.00,2.00,1.00,2.00,2.00,-3.00,-3.00
07:15PM,-1.00,1.00,0.00,1.00,0.00,1.00,1.00,-2.00,-1.00
07:16PM,4.70,-6.00,1.00,2.00,0.00,-6.00,-6.00,4.70,5.70
07:17PM,-2.70,2.00,0.00,2.00,0.00,2.00,2.00,-3.70,-1.70
07:18PM,-6.00,4.00,2.00,3.00,0.00,4.00,4.00,-6.00,-5.00
07:19PM,-4.70,4.00,1.00,3.00,0.00,4.00,4.00,-6.70,-4.70
07:20PM,-5.30,4.00,2.00,4.00,0.00,4.00,4.00,-7.30,-5.30
07:21PM,-8.70,6.00,3.00,5.00,0.00,6.00,6.00,-9.70,-7.70
07:22PM,-9.00,6.00,4.00,5.00,1.00,6.00,6.00,-10.00,-9.00
07:23PM,-8.00,6.00,4.00,5.00,0.00,6.00,6.00,-10.00,-9.00
07:24PM,-9.00,7.00,4.00,5.00,0.00,7.00,7.00,-11.00,-10.00
07:25PM,-7.70,6.00,4.00,3.00,1.00,6.00,6.00,-8.70,-9.70
07:26PM,-5.70,5.00,4.00,2.00,0.00,5.00,5.00,-6.70,-8.70
07:27PM,-4.70,4.00,3.00,1.00,0.00,4.00,4.00,-4.70,-6.70
07:28PM,-1.70,2.00,2.00,-1.00,1.00,2.00,2.00,-1.70,-4.70
07:29PM,2.30,-1.00,1.00,-2.00,0.00,-1.00,-1.00,2.30,-0.70
07:30PM,4.00,-2.00,-1.00,-4.00,0.00,-2.00,-2.00,5.00,2.00
07:31PM,6.30,-4.00,-2.00,-4.00,-1.00,-4.00,-4.00,7.30,5.30
07:32PM,7.00,-5.00,-3.00,-5.00,0.00,-5.00,-5.00,9.00,7.00
07:33PM,9.00,-7.00,-4.00,-5.00,0.00,-7.00,-7.00,11.00,10.00
07:34PM,8.30,-6.00,-4.00,-5.00,-1.00,-6.00,-6.00,10.30,9.30
07:35PM,8.00,-6.00,-4.00,-4.00,0.00,-6.00,-6.00,9.00,9.00
07:36PM,7.30,-6.00,-4.00,-3.00,0.00,-6.00,-6.00,8.30,9.30
07:37PM,6.70,-5.00,-4.00,-3.00,-1.00,-5.00,-5.00,7.70,8.70
07:38PM,4.00,-4.00,-2.00,-2.00,0.00,-4.00,-4.00,6.00,6.00
07:39PM,4.30,-3.00,-3.00,-1.00,0.00,-3.00,-3.00,3.30,5.30
07:40PM,1.30,-2.00,-1.00,-1.00,0.00,-2.00,-2.00,3.30,3.30
07:41PM,3.30,-2.00,-2.00,-1.00,0.00,-2.00,-2.00,2.30,3.30
07:42PM,0.30,-1.00,0.00,0.00,0.00,-1.00,-1.00,1.30,1.30
07:43PM,0.00,0.00,-1.00,0.00,0.00,0.00,0.00,0.00,1.00
07:44PM,2.30,-1.00,0.00,-2.00,0.00,-1.00,-1.00,2.30,0.30
07:45PM,-1.00,0.00,-1.00,2.00,-1.00,0.00,0.00,-1.00,2.00
07:46PM,2.00,-2.00,0.00,0.00,0.00,-2.00,-2.00,2.00,2.00
07:47PM,-2.30,1.00,0.00,0.00,0.00,1.00,1.00,-0.30,-0.30
07:48PM,0.00,0.00,0.00,0.00,0.00,0.00,0.00,0.00,0.00
07:49PM,0.00,0.00,0.00,0.00,0.00,0.00,0.00,0.00,0.00
07:50PM,-0.70,0.00,0.00,1.00,0.00,0.00,0.00,-0.70,0.30
07:51PM,0.00,0.00,0.00,0.00,0.00,0.00,0.00,0.00,0.00
07:52PM,-0.70,0.00,0.00,1.00,0.00,0.00,0.00,-0.70,0.30
07:53PM,0.00,0.00,0.00,0.00,0.00,0.00,0.00,0.00,0.00
07:54PM,-1.70,1.00,0.00,1.00,0.00,1.00,1.00,-1.70,-0.70
07:55PM,0.00,0.00,0.00,0.00,0.00,0.00,0.00,0.00,0.00
07:56PM,0.00,0.00,0.00,0.00,0.00,0.00,0.00,0.00,0.00
07:57PM,0.00,0.00,0.00,0.00,0.00,0.00,0.00,0.00,0.00
07:58PM,0.00,0.00,0.00,0.00,0.00,0.00,0.00,0.00,0.00
07:59PM,0.00,0.00,0.00,0.00,0.00,0.00,0.00,0.00,0.00
08:00PM,0.00,0.00,0.00,0.00,0.00,0.00,0.00,0.00,0.00
08:01PM,1.30,0.00,-1.00,-1.00,0.00,0.00,0.00,0.30,0.30
08:02PM,-1.00,1.00,0.00,0.00,0.00,1.00,1.00,-1.00,-1.00
08:03PM,0.70,0.00,0.00,-1.00,0.00,0.00,0.00,0.70,-0.30
08:04PM,0.00,0.00,0.00,0.00,0.00,0.00,0.00,0.00,0.00
08:05PM,0.70,0.00,0.00,0.00,0.00,0.00,0.00,-0.30,-0.30
08:06PM,0.70,0.00,0.00,-1.00,0.00,0.00,0.00,0.70,-0.30
08:07PM,0.00,0.00,0.00,0.00,0.00,0.00,0.00,0.00,0.00
08:08PM,0.00,0.00,0.00,0.00,0.00,0.00,0.00,0.00,0.00
08:09PM,0.00,0.00,0.00,0.00,0.00,0.00,0.00,0.00,0.00
08:10PM,0.00,0.00,0.00,0.00,0.00,0.00,0.00,0.00,0.00
08:11PM,0.00,0.00,0.00,0.00,0.00,0.00,0.00,0.00,0.00
08:12PM,0.00,0.00,0.00,0.00,0.00,0.00,0.00,0.00,0.00
08:13PM,0.70,0.00,0.00,-1.00,0.00,0.00,0.00,0.70,-0.30
08:14PM,-1.00,1.00,0.00,0.00,0.00,1.00,1.00,-1.00,-1.00
08:15PM,0.00,0.00,0.00,0.00,0.00,0.00,0.00,0.00,0.00
08:16PM,0.00,0.00,0.00,0.00,0.00,0.00,0.00,0.00,0.00
08:17PM,0.00,0.00,0.00,0.00,0.00,0.00,0.00,0.00,0.00
08:18PM,0.00,0.00,0.00,0.00,0.00,0.00,0.00,0.00,0.00
08:19PM,0.00,0.00,0.00,0.00,0.00,0.00,0.00,0.00,0.00
08:20PM,1.30,0.00,0.00,0.00,0.00,0.00,0.00,-0.70,-0.70
08:21PM,-1.00,-3.00,0.00,0.00,0.00,-3.00,-3.00,5.00,5.00
08:22PM,2.70,0.00,0.00,-3.00,0.00,0.00,0.00,1.70,-1.30
08:23PM,0.70,0.00,0.00,0.00,0.00,0.00,0.00,-0.30,-0.30
08:24PM,2.00,0.00,0.00,-2.00,0.00,0.00,0.00,1.00,-1.00
08:25PM,2.00,0.00,0.00,0.00,0.00,0.00,0.00,-1.00,-1.00
08:26PM,1.00,1.00,0.00,0.00,0.00,1.00,1.00,-2.00,-2.00
08:27PM,1.30,0.00,0.00,0.00,0.00,0.00,0.00,-0.70,-0.70
08:28PM,2.70,0.00,0.00,0.00,0.00,0.00,0.00,-1.30,-1.30
08:29PM,2.00,0.00,0.00,0.00,0.00,0.00,0.00,-1.00,-1.00
08:30PM,2.70,0.00,0.00,0.00,0.00,0.00,0.00,-1.30,-1.30
08:31PM,3.00,-1.00,0.00,0.00,0.00,-1.00,-1.00,0.00,0.00
08:32PM,-0.70,0.00,0.00,0.00,0.00,0.00,0.00,0.30,0.30
08:33PM,1.30,0.00,0.00,0.00,0.00,0.00,0.00,-0.70,-0.70
08:34PM,0.00,0.00,0.00,1.00,0.00,0.00,0.00,-1.00,0.00
08:35PM,-0.70,0.00,0.00,0.00,0.00,0.00,0.00,0.30,0.30
08:36PM,-0.70,0.00,0.00,0.00,0.00,0.00,0.00,0.30,0.30
08:37PM,-1.30,0.00,0.00,0.00,0.00,0.00,0.00,0.70,0.70
08:38PM,-2.00,0.00,0.00,0.00,0.00,0.00,0.00,1.00,1.00
08:39PM,-3.70,1.00,0.00,0.00,0.00,1.00,1.00,0.30,0.30
08:40PM,-2.00,0.00,0.00,0.00,0.00,0.00,0.00,1.00,1.00
08:41PM,-2.00,0.00,0.00,0.00,0.00,0.00,0.00,1.00,1.00
08:42PM,-1.30,0.00,0.00,0.00,0.00,0.00,0.00,0.70,0.70
08:43PM,-3.30,0.00,0.00,1.00,0.00,0.00,0.00,0.70,1.70
08:44PM,-0.70,0.00,0.00,0.00,0.00,0.00,0.00,0.30,0.30
08:45PM,-0.70,0.00,0.00,0.00,0.00,0.00,0.00,0.30,0.30
08:46PM,2.70,-4.00,0.00,0.00,0.00,-4.00,-4.00,4.70,4.70
08:47PM,0.00,0.00,0.00,0.00,0.00,0.00,0.00,0.00,0.00
08:48PM,0.70,0.00,0.00,-1.00,0.00,0.00,0.00,0.70,-0.30
08:49PM,-1.30,0.00,0.00,0.00,0.00,0.00,0.00,0.70,0.70
08:50PM,-1.00,1.00,0.00,0.00,0.00,1.00,1.00,-1.00,-1.00
08:51PM,0.00,0.00,0.00,0.00,0.00,0.00,0.00,0.00,0.00
08:52PM,0.70,0.00,0.00,0.00,0.00,0.00,0.00,-0.30,-0.30
08:53PM,0.00,0.00,0.00,0.00,0.00,0.00,0.00,0.00,0.00
08:54PM,0.00,0.00,0.00,0.00,0.00,0.00,0.00,0.00,0.00
08:55PM,-0.70,0.00,0.00,1.00,0.00,0.00,0.00,-0.70,0.30
08:56PM,0.70,0.00,0.00,0.00,0.00,0.00,0.00,-0.30,-0.30
08:57PM,0.00,0.00,0.00,0.00,0.00,0.00,0.00,0.00,0.00
08:58PM,-0.70,0.00,1.00,0.00,0.00,0.00,0.00,0.30,-0.70
08:59PM,0.00,0.00,0.00,0.00,0.00,0.00,0.00,0.00,0.00
09:00PM,0.00,0.00,0.00,0.00,0.00,0.00,0.00,0.00,0.00
09:01PM,1.00,0.00,0.00,0.00,-1.00,0.00,0.00,0.00,0.00
09:02PM,-1.00,1.00,0.00,0.00,0.00,1.00,1.00,-1.00,-1.00
09:03PM,0.00,0.00,0.00,0.00,0.00,0.00,0.00,0.00,0.00
09:04PM,-0.70,0.00,0.00,1.00,0.00,0.00,0.00,-0.70,0.30
09:05PM,0.00,0.00,0.00,0.00,0.00,0.00,0.00,0.00,0.00
09:06PM,0.00,0.00,0.00,0.00,0.00,0.00,0.00,0.00,0.00
09:07PM,-0.30,1.00,0.00,0.00,0.00,1.00,1.00,-1.30,-1.30
09:08PM,0.00,0.00,0.00,0.00,0.00,0.00,0.00,0.00,0.00
09:09PM,0.00,0.00,0.00,0.00,0.00,0.00,0.00,0.00,0.00
09:10PM,0.00,0.00,0.00,0.00,0.00,0.00,0.00,0.00,0.00
09:11PM,0.00,0.00,0.00,0.00,0.00,0.00,0.00,0.00,0.00
09:12PM,0.00,0.00,0.00,0.00,0.00,0.00,0.00,0.00,0.00
09:13PM,-0.30,1.00,0.00,0.00,0.00,1.00,1.00,-1.30,-1.30
09:14PM,0.00,0.00,0.00,0.00,0.00,0.00,0.00,0.00,0.00
09:15PM,-0.70,0.00,0.00,1.00,0.00,0.00,0.00,-0.70,0.30
09:16PM,0.00,0.00,0.00,0.00,0.00,0.00,0.00,0.00,0.00
09:17PM,0.00,0.00,0.00,0.00,0.00,0.00,0.00,0.00,0.00
09:18PM,0.00,0.00,0.00,0.00,0.00,0.00,0.00,0.00,0.00
09:19PM,0.00,0.00,0.00,0.00,0.00,0.00,0.00,0.00,0.00
09:20PM,-1.00,1.00,0.00,0.00,0.00,1.00,1.00,-1.00,-1.00
09:21PM,0.00,0.00,0.00,0.00,0.00,0.00,0.00,0.00,0.00
09:22PM,0.70,0.00,0.00,0.00,0.00,0.00,0.00,-0.30,-0.30
09:23PM,0.00,0.00,0.00,0.00,0.00,0.00,0.00,0.00,0.00
09:24PM,0.00,0.00,0.00,0.00,0.00,0.00,0.00,0.00,0.00
09:25PM,0.00,0.00,0.00,0.00,0.00,0.00,0.00,0.00,0.00
09:26PM,-2.30,-3.00,-1.00,0.00,0.00,-3.00,-3.00,5.70,6.70
09:27PM,0.00,0.00,0.00,0.00,0.00,0.00,0.00,0.00,0.00
09:28PM,0.00,0.00,0.00,0.00,0.00,0.00,0.00,0.00,0.00
09:29PM,3.00,-3.00,0.00,0.00,0.00,-3.00,-3.00,3.00,3.00
09:30PM,0.00,0.00,0.00,0.00,0.00,0.00,0.00,0.00,0.00
09:31PM,0.00,0.00,0.00,0.00,0.00,0.00,0.00,0.00,0.00
09:32PM,0.70,0.00,0.00,0.00,0.00,0.00,0.00,-0.30,-0.30
09:33PM,-0.30,1.00,0.00,-1.00,0.00,1.00,1.00,-0.30,-1.30
09:34PM,0.00,0.00,0.00,0.00,0.00,0.00,0.00,0.00,0.00
09:35PM,0.00,0.00,0.00,0.00,0.00,0.00,0.00,0.00,0.00
09:36PM,0.00,0.00,0.00,0.00,0.00,0.00,0.00,0.00,0.00
09:37PM,-0.70,0.00,0.00,1.00,0.00,0.00,0.00,-0.70,0.30
09:38PM,0.70,0.00,0.00,0.00,0.00,0.00,0.00,-0.30,-0.30
09:39PM,-1.00,1.00,0.00,0.00,0.00,1.00,1.00,-1.00,-1.00
09:40PM,0.00,0.00,0.00,0.00,0.00,0.00,0.00,0.00,0.00
09:41PM,0.00,0.00,0.00,0.00,0.00,0.00,0.00,0.00,0.00
09:42PM,0.70,0.00,0.00,0.00,0.00,0.00,0.00,-0.30,-0.30
09:43PM,0.00,0.00,0.00,0.00,0.00,0.00,0.00,0.00,0.00
09:44PM,0.00,0.00,0.00,0.00,0.00,0.00,0.00,0.00,0.00
09:45PM,-1.00,1.00,0.00,0.00,0.00,1.00,1.00,-1.00,-1.00
09:46PM,0.00,0.00,0.00,0.00,0.00,0.00,0.00,0.00,0.00
09:47PM,0.70,0.00,0.00,0.00,0.00,0.00,0.00,-0.30,-0.30
09:48PM,0.00,0.00,0.00,0.00,0.00,0.00,0.00,0.00,0.00
09:49PM,0.00,0.00,0.00,0.00,0.00,0.00,0.00,0.00,0.00
09:50PM,-1.00,1.00,0.00,0.00,0.00,1.00,1.00,-1.00,-1.00
09:51PM,0.70,0.00,0.00,0.00,0.00,0.00,0.00,-0.30,-0.30
09:52PM,0.00,0.00,0.00,0.00,0.00,0.00,0.00,0.00,0.00
09:53PM,0.00,0.00,0.00,0.00,0.00,0.00,0.00,0.00,0.00
09:54PM,0.00,0.00,0.00,0.00,0.00,0.00,0.00,0.00,0.00
09:55PM,0.70,0.00,0.00,0.00,0.00,0.00,0.00,-0.30,-0.30
09:56PM,-1.00,1.00,0.00,0.00,0.00,1.00,1.00,-1.00,-1.00
09:57PM,0.00,0.00,0.00,0.00,0.00,0.00,0.00,0.00,0.00
09:58PM,0.00,0.00,0.00,0.00,0.00,0.00,0.00,0.00,0.00
09:59PM,0.00,0.00,0.00,0.00,0.00,0.00,0.00,0.00,0.00
10:00PM,0.70,0.00,0.00,0.00,0.00,0.00,0.00,-0.30,-0.30
10:01PM,0.70,0.00,-3.00,0.00,0.00,0.00,0.00,-0.30,2.70
10:02PM,-0.30,1.00,0.00,0.00,0.00,1.00,1.00,-1.30,-1.30
10:03PM,0.00,0.00,0.00,0.00,0.00,0.00,0.00,0.00,0.00
10:04PM,-0.70,0.00,0.00,0.00,0.00,0.00,0.00,0.30,0.30
10:05PM,0.70,0.00,0.00,0.00,0.00,0.00,0.00,-0.30,-0.30
10:06PM,0.00,0.00,0.00,0.00,0.00,0.00,0.00,0.00,0.00
10:07PM,0.00,0.00,0.00,0.00,0.00,0.00,0.00,0.00,0.00
10:08PM,-0.30,0.00,0.00,0.00,1.00,0.00,0.00,-0.30,-0.30
10:09PM,0.00,0.00,0.00,0.00,0.00,0.00,0.00,0.00,0.00
10:10PM,0.00,0.00,0.00,0.00,0.00,0.00,0.00,0.00,0.00
10:11PM,-1.00,1.00,0.00,0.00,0.00,1.00,1.00,-1.00,-1.00
10:12PM,0.00,0.00,1.00,0.00,0.00,0.00,0.00,0.00,-1.00
10:13PM,0.00,0.00,0.00,0.00,0.00,0.00,0.00,0.00,0.00
10:14PM,0.00,0.00,0.00,0.00,0.00,0.00,0.00,0.00,0.00
10:15PM,0.00,0.00,0.00,0.00,0.00,0.00,0.00,0.00,0.00
10:16PM,0.00,0.00,0.00,0.00,0.00,0.00,0.00,0.00,0.00
10:17PM,0.00,0.00,0.00,0.00,0.00,0.00,0.00,0.00,0.00
10:18PM,0.00,0.00,0.00,0.00,0.00,0.00,0.00,0.00,0.00
10:19PM,0.00,0.00,0.00,0.00,0.00,0.00,0.00,0.00,0.00
10:20PM,0.70,0.00,0.00,0.00,0.00,0.00,0.00,-0.30,-0.30
10:21PM,0.00,0.00,0.00,0.00,0.00,0.00,0.00,0.00,0.00
10:22PM,0.00,0.00,0.00,0.00,0.00,0.00,0.00,0.00,0.00
10:23PM,0.00,0.00,0.00,0.00,0.00,0.00,0.00,0.00,0.00
10:24PM,-0.70,0.00,1.00,0.00,0.00,0.00,0.00,0.30,-0.70
10:25PM,0.00,0.00,0.00,0.00,0.00,0.00,0.00,0.00,0.00
10:26PM,0.00,0.00,0.00,0.00,0.00,0.00,0.00,0.00,0.00
10:27PM,0.00,0.00,0.00,0.00,0.00,0.00,0.00,0.00,0.00
10:28PM,0.00,0.00,0.00,0.00,0.00,0.00,0.00,0.00,0.00
10:29PM,0.00,0.00,0.00,0.00,0.00,0.00,0.00,0.00,0.00
10:30PM,0.00,0.00,0.00,0.00,0.00,0.00,0.00,0.00,0.00
10:31PM,3.30,0.00,-4.00,0.00,0.00,0.00,0.00,-1.70,2.30
10:32PM,0.00,0.00,0.00,0.00,0.00,0.00,0.00,0.00,0.00
10:33PM,1.30,0.00,0.00,-2.00,0.00,0.00,0.00,1.30,-0.70
10:34PM,0.00,0.00,0.00,0.00,0.00,0.00,0.00,0.00,0.00
10:35PM,0.70,0.00,0.00,-1.00,0.00,0.00,0.00,0.70,-0.30
10:36PM,-0.70,0.00,1.00,0.00,0.00,0.00,0.00,0.30,-0.70
10:37PM,0.00,0.00,0.00,0.00,0.00,0.00,0.00,0.00,0.00
10:38PM,0.00,0.00,0.00,0.00,0.00,0.00,0.00,0.00,0.00
10:39PM,0.00,0.00,0.00,0.00,0.00,0.00,0.00,0.00,0.00
10:40PM,0.00,0.00,0.00,0.00,0.00,0.00,0.00,0.00,0.00
10:41PM,0.00,0.00,0.00,0.00,0.00,0.00,0.00,0.00,0.00
10:42PM,0.00,0.00,0.00,0.00,0.00,0.00,0.00,0.00,0.00
10:43PM,0.00,0.00,0.00,0.00,0.00,0.00,0.00,0.00,0.00
10:44PM,-0.70,0.00,1.00,0.00,0.00,0.00,0.00,0.30,-0.70
10:45PM,0.00,0.00,0.00,0.00,0.00,0.00,0.00,0.00,0.00
10:46PM,0.00,0.00,0.00,0.00,0.00,0.00,0.00,0.00,0.00
10:47PM,0.00,0.00,0.00,0.00,0.00,0.00,0.00,0.00,0.00
10:48PM,-0.70,0.00,0.00,1.00,0.00,0.00,0.00,-0.70,0.30
10:49PM,0.00,0.00,0.00,0.00,0.00,0.00,0.00,0.00,0.00
10:50PM,-1.00,1.00,0.00,0.00,0.00,1.00,1.00,-1.00,-1.00
10:51PM,-0.70,0.00,1.00,0.00,0.00,0.00,0.00,0.30,-0.70
10:52PM,0.00,0.00,0.00,0.00,0.00,0.00,0.00,0.00,0.00
10:53PM,0.00,0.00,0.00,0.00,0.00,0.00,0.00,0.00,0.00
10:54PM,0.00,0.00,0.00,0.00,0.00,0.00,0.00,0.00,0.00
10:55PM,0.00,0.00,0.00,0.00,0.00,0.00,0.00,0.00,0.00
10:56PM,0.00,0.00,0.00,0.00,0.00,0.00,0.00,0.00,0.00
10:57PM,0.00,0.00,0.00,0.00,0.00,0.00,0.00,0.00,0.00
10:58PM,-0.70,0.00,0.00,1.00,0.00,0.00,0.00,-0.70,0.30
10:59PM,-0.70,0.00,1.00,0.00,0.00,0.00,0.00,0.30,-0.70
11:00PM,0.00,0.00,0.00,0.00,0.00,0.00,0.00,0.00,0.00
11:01PM,0.00,0.00,0.00,0.00,0.00,0.00,0.00,0.00,0.00
11:02PM,0.00,0.00,0.00,0.00,0.00,0.00,0.00,0.00,0.00
11:03PM,0.00,0.00,0.00,0.00,0.00,0.00,0.00,0.00,0.00
11:04PM,0.00,0.00,0.00,0.00,0.00,0.00,0.00,0.00,0.00
11:05PM,0.00,0.00,0.00,0.00,0.00,0.00,0.00,0.00,0.00
11:06PM,0.00,0.00,0.00,0.00,0.00,0.00,0.00,0.00,0.00
11:07PM,0.00,0.00,0.00,0.00,0.00,0.00,0.00,0.00,0.00
11:08PM,0.00,0.00,0.00,0.00,0.00,0.00,0.00,0.00,0.00
11:09PM,-0.70,0.00,1.00,0.00,0.00,0.00,0.00,0.30,-0.70
11:10PM,-0.70,0.00,0.00,1.00,0.00,0.00,0.00,-0.70,0.30
11:11PM,0.00,0.00,0.00,0.00,0.00,0.00,0.00,0.00,0.00
11:12PM,0.00,0.00,0.00,0.00,0.00,0.00,0.00,0.00,0.00
11:13PM,0.00,0.00,0.00,0.00,0.00,0.00,0.00,0.00,0.00
11:14PM,0.00,0.00,0.00,0.00,0.00,0.00,0.00,0.00,0.00
11:15PM,0.00,0.00,0.00,0.00,0.00,0.00,0.00,0.00,0.00
11:16PM,0.00,0.00,0.00,0.00,0.00,0.00,0.00,0.00,0.00
11:17PM,0.70,0.00,0.00,0.00,0.00,0.00,0.00,-0.30,-0.30
11:18PM,0.00,0.00,0.00,0.00,0.00,0.00,0.00,0.00,0.00
11:19PM,0.00,0.00,0.00,0.00,0.00,0.00,0.00,0.00,0.00
11:20PM,0.00,0.00,0.00,0.00,0.00,0.00,0.00,0.00,0.00
11:21PM,0.00,0.00,0.00,0.00,0.00,0.00,0.00,0.00,0.00
11:22PM,0.00,0.00,0.00,0.00,0.00,0.00,0.00,0.00,0.00
11:23PM,0.00,0.00,0.00,0.00,0.00,0.00,0.00,0.00,0.00
11:24PM,0.00,0.00,0.00,0.00,0.00,0.00,0.00,0.00,0.00
11:25PM,0.00,0.00,0.00,0.00,0.00,0.00,0.00,0.00,0.00
11:26PM,0.00,0.00,0.00,0.00,0.00,0.00,0.00,0.00,0.00
11:27PM,0.00,0.00,0.00,0.00,0.00,0.00,0.00,0.00,0.00
11:28PM,0.00,0.00,0.00,0.00,0.00,0.00,0.00,0.00,0.00
11:29PM,0.00,0.00,0.00,0.00,0.00,0.00,0.00,0.00,0.00
11:30PM,0.00,0.00,0.00,0.00,0.00,0.00,0.00,0.00,0.00
11:31PM,0.00,0.00,0.00,0.00,0.00,0.00,0.00,0.00,0.00
11:32PM,0.00,0.00,0.00,0.00,0.00,0.00,0.00,0.00,0.00
11:33PM,0.00,0.00,0.00,0.00,0.00,0.00,0.00,0.00,0.00
11:34PM,0.00,0.00,0.00,0.00,0.00,0.00,0.00,0.00,0.00
11:35PM,0.00,0.00,0.00,0.00,0.00,0.00,0.00,0.00,0.00
11:36PM,0.00,0.00,0.00,0.00,0.00,0.00,0.00,0.00,0.00
11:37PM,0.00,0.00,0.00,0.00,0.00,0.00,0.00,0.00,0.00
11:38PM,0.00,0.00,0.00,0.00,0.00,0.00,0.00,0.00,0.00
11:39PM,0.00,0.00,0.00,0.00,0.00,0.00,0.00,0.00,0.00
11:40PM,0.00,0.00,0.00,0.00,0.00,0.00,0.00,0.00,0.00
11:41PM,0.00,0.00,0.00,0.00,0.00,0.00,0.00,0.00,0.00
11:42PM,0.00,0.00,0.00,0.00,0.00,0.00,0.00,0.00,0.00
11:43PM,0.00,0.00,0.00,0.00,0.00,0.00,0.00,0.00,0.00
11:44PM,0.00,0.00,0.00,0.00,0.00,0.00,0.00,0.00,0.00
11:45PM,0.00,0.00,0.00,0.00,0.00,0.00,0.00,0.00,0.00
11:46PM,0.00,0.00,0.00,0.00,0.00,0.00,0.00,0.00,0.00
11:47PM,0.00,0.00,0.00,0.00,0.00,0.00,0.00,0.00,0.00
11:48PM,0.00,0.00,0.00,0.00,0.00,0.00,0.00,0.00,0.00
11:49PM,0.00,0.00,0.00,0.00,0.00,0.00,0.00,0.00,0.00
11:50PM,-0.70,0.00,1.00,0.00,0.00,0.00,0.00,0.30,-0.70
11:51PM,0.00,0.00,0.00,0.00,0.00,0.00,0.00,0.00,0.00
11:52PM,-0.70,0.00,0.00,1.00,0.00,0.00,0.00,-0.70,0.30
11:53PM,0.00,0.00,0.00,0.00,0.00,0.00,0.00,0.00,0.00
11:54PM,0.00,0.00,0.00,0.00,0.00,0.00,0.00,0.00,0.00
11:55PM,-0.70,0.00,1.00,0.00,0.00,0.00,0.00,0.30,-0.70
11:56PM,0.00,0.00,0.00,0.00,0.00,0.00,0.00,0.00,0.00
11:57PM,0.00,0.00,0.00,0.00,0.00,0.00,0.00,0.00,0.00
11:58PM,0.00,0.00,0.00,0.00,0.00,0.00,0.00,0.00,0.00
11:59PM,0.00,0.00,0.00,0.00,0.00,0.00,0.00,0.00,0.00