time,M,T,W,R,F,S,Su
06:10AM,0,0,0,0,0,0,0
06:11AM,0,0,0,0,0,0,0
06:12AM,0,0,0,0,0,0,0
06:13AM,0,0,0,0,0,0,0
06:14AM,0,0,0,0,0,0,0
06:15AM,0,0,0,0,0,0,0
06:16AM,0,0,0,0,0,0,0
06:17AM,0,0,0,0,0,0,0
06:18AM,0,0,0,0,0,0,0
06:19AM,0,0,0,0,0,0,0
06:20AM,0,0,0,0,0,0,0
06:21AM,0,0,0,0,0,0,0
06:22AM,0,0,0,0,0,0,0
06:23AM,0,0,0,0,0,0,0
06:24AM,0,0,0,0,0,0,0
06:25AM,0,0,0,0,0,0,0
06:42AM,0,0,0,0,0,0,0
06:43AM,0,0,0,0,0,0,0
06:44AM,0,0,0,0,0,0,0
06:45AM,0,0,0,0,0,0,0
06:46AM,0,0,0,0,0,0,0
06:47AM,0,0,0,0,0,0,0
06:48AM,0,0,0,0,0,0,0
06:49AM,0,0,0,0,0,0,0
06:50AM,0,0,0,0,0,0,0
06:51AM,0,0,0,0,0,0,0
06:52AM,0,0,0,0,0,0,0
06:53AM,0,0,0,0,0,0,0
06:54AM,0,0,0,0,0,0,0
06:55AM,0,0,0,0,0,0,0
06:56AM,0,0,0,0,0,0,0
06:57AM,0,0,0,0,0,0,0
06:58AM,0,0,0,0,0,0,0
06:59AM,0,0,0,0,0,0,0
07:00AM,0,0,0,0,0,0,0
07:01AM,0,0,0,0,0,0,0
07:02AM,0,0,0,0,0,0,0
07:03AM,0,0,0,0,0,0,0
07:04AM,0,0,0,0,0,0,0
07:05AM,0,0,0,0,0,0,0
07:06AM,0,0,0,0,0,0,0
07:07AM,0,0,0,0,0,0,0
07:08AM,0,0,0,0,0,0,0
07:09AM,0,0,0,0,0,0,0
07:10AM,0,0,0,0,0,0,0
07:11AM,0,0,0,0,0,0,0
07:12AM,0,0,0,0,0,0,0
07:37AM,0,0,0,0,0,0,0
07:38AM,0,0,0,0,0,0,0
07:39AM,0,0,0,0,0,0,0
07:40AM,0,0,0,0,0,0,0
07:41AM,0,0,0,0,0,0,0
07:42AM,0,0,0,0,0,0,0
07:43AM,0,0,0,0,0,0,0
07:44AM,0,0,0,0,0,0,0
07:45AM,0,0,0,0,0,0,0
07:46AM,0,0,0,0,0,0,0
07:47AM,0,0,0,0,0,0,0
07:48AM,0,0,0,0,0,0,0
07:49AM,0,0,0,0,0,0,0
07:50AM,0,0,0,0,0,0,0
07:51AM,0,0,0,0,0,0,0
07:52AM,0,0,0,0,0,0,0
07:53AM,0,0,0,0,0,0,0
07:54AM,0,0,0,0,0,0,0
07:55AM,0,0,0,0,0,0,0
07:56AM,0,0,0,0,0,0,0
07:57AM,0,0,0,0,0,0,0
07:58AM,0,0,0,0,0,0,0
07:59AM,0,0,0,0,0,0,0
08:00AM,0,0,0,0,0,0,0
08:01AM,0,0,0,0,0,0,0
08:02AM,0,0,0,0,0,0,0
08:03AM,0,0,0,0,0,0,0
08:04AM,0,0,0,0,0,0,0
08:05AM,0,0,0,0,0,0,0
08:06AM,0,0,0,0,0,0,0
08:07AM,0,0,0,0,0,0,0
08:08AM,0,0,0,0,0,0,0
08:09AM,0,0,0,0,0,0,0
08:10AM,0,0,0,0,0,0,0
08:11AM,0,0,0,0,0,0,0
08:12AM,0,0,0,0,0,0,0
08:13AM,0,0,0,0,0,0,0
08:14AM,0,0,0,0,0,0,0
08:15AM,0,0,0,0,0,0,0
08:16AM,0,0,0,0,0,0,0
08:17AM,0,0,0,0,0,0,0
08:18AM,0,0,0,0,0,0,0
08:19AM,0,0,0,0,0,0,0
08:20AM,0,0,0,0,0,0,0
08:21AM,0,0,0,0,0,0,0
08:22AM,0,0,0,0,0,0,0
08:23AM,0,0,0,0,0,0,0
08:24AM,0,1,0,1,0,0,0
08:25AM,0,1,0,1,0,0,0
08:26AM,0,1,0,1,0,0,0
08:27AM,0,1,0,1,0,0,0
08:28AM,0,1,0,1,0,0,0
08:29AM,0,1,0,1,0,0,0
08:30AM,0,1,0,1,0,0,0
08:31AM,0,2,0,2,0,0,0
08:32AM,0,2,0,2,0,0,0
08:33AM,0,2,0,2,0,0,0
08:34AM,0,3,0,3,0,0,0
08:35AM,0,3,0,3,0,0,0
08:36AM,0,4,0,4,0,0,0
08:37AM,0,4,0,4,0,0,0
08:38AM,0,4,0,4,0,0,0
08:39AM,0,4,0,4,0,0,0
08:40AM,0,4,0,4,0,0,0
08:41AM,0,4,0,4,0,0,0
08:42AM,0,4,0,4,0,0,0
08:43AM,0,3,0,3,0,0,0
08:44AM,0,3,0,3,0,0,0
08:45AM,0,2,0,2,0,0,0
08:46AM,0,2,0,2,0,0,0
08:47AM,0,2,0,2,0,0,0
08:48AM,0,1,0,1,0,0,0
08:49AM,1,1,1,1,1,0,0
08:50AM,1,1,1,1,1,0,0
08:51AM,1,1,1,1,1,0,0
08:52AM,1,1,1,1,1,0,0
08:53AM,2,1,2,1,1,0,0
08:54AM,3,1,2,1,1,0,0
08:55AM,4,0,3,0,1,0,0
08:56AM,5,0,4,0,1,0,0
08:57AM,6,0,5,0,1,0,0
08:58AM,8,0,6,0,1,0,0
08:59AM,10,0,8,0,2,0,0
09:00AM,12,0,9,0,2,0,0
09:01AM,13,0,11,0,2,0,0
09:02AM,15,0,12,0,2,0,0
09:03AM,16,0,13,0,2,0,0
09:04AM,16,0,13,0,2,0,0
09:05AM,16,0,13,0,2,0,0
09:06AM,15,0,12,0,2,0,0
09:07AM,13,0,11,0,2,0,0
09:08AM,12,0,9,0,2,0,0
09:09AM,10,0,8,0,2,0,0
09:10AM,8,0,6,0,1,0,0
09:11AM,6,0,5,0,1,0,0
09:12AM,5,0,4,0,1,0,0
09:13AM,4,0,3,0,1,0,0
09:14AM,3,0,2,0,1,0,0
09:15AM,2,0,2,0,1,0,0
09:16AM,1,0,1,0,1,0,0
09:17AM,1,0,1,0,1,0,0
09:18AM,1,0,1,0,1,0,0
09:19AM,1,0,1,0,1,0,0
09:20AM,0,0,0,0,0,0,0
09:21AM,0,0,0,0,0,0,0
09:22AM,0,0,0,0,0,0,0
09:23AM,0,0,0,0,0,0,0
09:24AM,0,1,0,0,0,0,0
09:25AM,0,1,0,0,0,0,0
09:26AM,0,1,0,0,0,0,0
09:27AM,0,1,0,0,0,0,0
09:28AM,0,1,0,0,0,0,0
09:29AM,0,1,0,0,0,0,0
09:30AM,0,1,0,0,0,0,0
09:31AM,0,1,0,0,0,0,0
09:32AM,0,2,0,0,0,0,0
09:33AM,0,2,0,0,0,0,0
09:34AM,0,2,0,0,0,0,0
09:35AM,0,3,0,0,0,0,0
09:36AM,0,3,0,0,0,0,0
09:37AM,0,3,0,0,0,0,0
09:38AM,0,4,0,0,0,0,0
09:39AM,0,4,0,0,0,0,0
09:40AM,0,4,0,0,0,0,0
09:41AM,0,3,0,0,0,0,0
09:42AM,0,3,0,0,0,0,0
09:43AM,0,3,0,0,0,0,0
09:44AM,0,2,0,0,0,0,0
09:45AM,0,2,0,0,0,0,0
09:46AM,0,2,0,0,0,0,0
09:47AM,0,1,0,0,0,0,0
09:48AM,0,1,0,0,0,0,0
09:49AM,0,1,0,0,0,0,0
09:50AM,0,1,0,0,0,0,0
09:51AM,1,1,1,0,0,0,0
09:52AM,1,1,1,0,0,0,0
09:53AM,1,1,1,0,0,0,0
09:54AM,1,1,1,1,1,0,0
09:55AM,1,1,1,1,1,0,0
09:56AM,-3,-1,-2,-1,-1,0,0
09:57AM,-2,-1,-2,-1,1,0,0
09:58AM,-1,1,-1,1,1,0,0
09:59AM,1,1,1,1,1,0,0
10:00AM,2,2,2,2,2,0,0
10:01AM,4,3,3,3,3,0,0
10:02AM,6,4,4,4,4,0,0
10:03AM,8,6,6,6,5,0,0
10:04AM,10,7,7,7,6,0,0
10:05AM,12,9,9,9,7,0,0
10:06AM,14,10,10,10,8,0,0
10:07AM,16,11,10,11,9,0,0
10:08AM,16,12,11,12,9,0,0
10:09AM,16,12,11,12,9,0,0
10:10AM,16,12,10,12,9,0,0
10:11AM,14,11,9,11,9,0,0
10:12AM,13,10,8,10,8,0,0
10:13AM,11,9,7,9,7,0,0
10:14AM,9,7,5,7,6,0,0
10:15AM,6,6,4,6,5,0,0
10:16AM,5,5,3,5,4,0,0
10:17AM,3,3,2,3,3,0,0
10:18AM,2,2,1,2,2,0,0
10:19AM,1,2,-1,2,1,0,0
10:20AM,-1,1,-1,1,1,0,0
10:21AM,-1,1,-1,1,1,0,0
10:22AM,-2,-1,-2,-1,1,0,0
10:23AM,-2,-1,-2,-1,-1,0,0
10:24AM,-2,-1,-2,-1,-1,0,0
10:25AM,-2,-1,-2,-1,-1,0,0
10:26AM,-2,-1,-2,-1,-1,0,0
10:27AM,-2,-1,-2,-1,-1,0,0
10:28AM,-2,-1,-1,-1,-1,0,0
10:29AM,-2,-1,-1,-1,-1,0,0
10:30AM,-2,-1,-1,-1,-1,0,0
10:31AM,-2,-1,-1,-1,-1,0,0
10:32AM,-1,-1,-1,-1,-1,0,0
10:33AM,-1,-1,-1,-1,-1,0,0
10:34AM,-1,-1,-1,-1,-1,0,0
10:35AM,-1,-1,-1,-1,-1,0,0
10:36AM,-1,-1,-1,-1,-1,0,0
10:37AM,-1,-1,-1,-1,-1,0,0
10:38AM,-1,-1,-1,-1,-1,0,0
10:39AM,-1,-1,-1,-1,-1,0,0
10:40AM,-1,-1,-1,-1,-1,0,0
10:41AM,-1,-1,-1,-1,-1,0,0
10:42AM,-1,-1,-1,-1,-1,0,0
10:43AM,-1,-1,-1,-1,-1,0,0
10:44AM,-1,-1,-1,-1,-1,0,0
10:45AM,-1,-1,-1,-1,-1,0,0
10:46AM,-1,-1,-1,-1,-1,0,0
10:47AM,-1,-1,-1,-1,-1,0,0
10:48AM,-1,-1,-1,-1,-1,0,0
10:49AM,-1,-1,-1,-1,-1,0,0
10:50AM,-1,-1,-1,-1,-1,0,0
10:51AM,-1,-1,-1,-1,-1,0,0
10:52AM,-1,-1,-1,-1,-1,0,0
10:53AM,-1,-1,-1,-1,-1,0,0
10:54AM,-1,-1,-1,-1,-1,0,0
10:55AM,-1,-1,-1,-1,-1,0,0
10:56AM,-1,-1,-1,-1,1,0,0
10:57AM,-1,-1,0,-1,1,0,0
10:58AM,1,-1,1,-1,1,0,0
10:59AM,1,-1,1,1,1,0,0
11:00AM,1,-1,1,1,1,0,0
11:01AM,-2,-1,-2,1,-1,0,0
11:02AM,-2,-1,-1,1,-1,0,0
11:03AM,-1,-1,1,1,1,0,0
11:04AM,-1,-1,1,1,2,0,0
11:05AM,-1,-1,2,1,4,0,0
11:06AM,1,1,3,1,5,0,0
11:07AM,2,1,5,2,7,0,0
11:08AM,3,1,7,2,9,0,0
11:09AM,4,2,9,2,12,0,0
11:10AM,5,2,11,3,14,0,0
11:11AM,5,3,12,3,16,0,0
11:12AM,5,3,13,3,17,0,0
11:13AM,6,3,14,4,18,0,0
11:14AM,5,3,14,4,18,0,0
11:15AM,5,3,13,4,17,0,0
11:16AM,4,3,12,3,16,0,0
11:17AM,3,3,10,3,14,0,0
11:18AM,3,2,9,3,12,0,0
11:19AM,2,2,7,2,10,0,0
11:20AM,1,2,5,2,7,0,0
11:21AM,1,1,4,2,6,0,0
11:22AM,-1,1,2,1,4,0,0
11:23AM,-1,1,1,1,3,0,0
11:24AM,-2,1,1,1,2,0,0
11:25AM,-2,1,-1,1,1,0,0
11:26AM,-2,-3,-1,-3,-1,0,0
11:27AM,-2,-3,-1,-3,-1,0,0
11:28AM,-2,-3,-1,-2,-1,0,0
11:29AM,-1,-2,-1,-2,-1,0,0
11:30AM,-1,-2,-1,-2,-1,0,0
11:31AM,-1,-1,-1,-1,-1,0,0
11:32AM,1,1,1,1,-1,0,0
11:33AM,1,2,1,2,-1,0,0
11:34AM,1,3,1,3,-1,0,0
11:35AM,2,4,2,4,-1,0,0
11:36AM,2,5,2,5,-1,0,0
11:37AM,3,6,3,6,-1,0,0
11:38AM,3,6,3,6,-1,0,0
11:39AM,3,6,3,7,-1,0,0
11:40AM,3,6,3,6,-1,0,0
11:41AM,3,6,3,6,-1,0,0
11:42AM,3,5,3,5,-1,0,0
11:43AM,2,4,2,4,-1,0,0
11:44AM,2,4,2,4,-1,0,0
11:45AM,2,3,2,3,-1,0,0
11:46AM,1,2,1,2,-1,0,0
11:47AM,1,1,1,1,-1,0,0
11:48AM,1,-1,1,-1,-1,0,0
11:49AM,1,-1,1,-1,-1,0,0
11:50AM,-1,-1,-1,-1,-1,0,0
11:51AM,-1,-2,-1,-1,-1,0,0
11:52AM,-1,-2,-1,-2,-1,0,0
11:53AM,-1,-2,-1,-2,-1,0,0
11:54AM,-1,-2,-1,-2,-1,0,0
11:55AM,-1,-2,-1,-2,-1,0,0
11:56AM,-1,-2,-1,-2,-1,0,0
11:57AM,-1,-2,-1,-2,-1,0,0
11:58AM,-1,-1,-1,-1,-1,0,0
11:59AM,-1,-1,-1,-1,-1,0,0
12:00PM,-1,-1,-1,-1,-1,0,0
12:01PM,-1,-1,-1,-1,-1,0,0
12:02PM,0,-1,0,-1,1,0,0
12:03PM,1,-1,1,-1,1,0,0
12:04PM,1,-1,1,-1,1,0,0
12:05PM,1,-1,1,-1,1,0,0
12:06PM,-1,-1,-3,-1,-3,0,0
12:07PM,-1,1,-2,1,-3,0,0
12:08PM,1,1,-2,1,-3,0,0
12:09PM,-1,2,-2,2,-3,0,0
12:10PM,1,2,-1,2,-2,0,0
12:11PM,2,3,1,3,-2,0,0
12:12PM,2,3,2,3,-1,0,0
12:13PM,3,4,3,4,1,0,0
12:14PM,4,4,4,4,1,0,0
12:15PM,4,4,5,4,2,0,0
12:16PM,4,4,6,4,2,0,0
12:17PM,5,4,7,4,2,0,0
12:18PM,4,4,7,4,2,0,0
12:19PM,4,4,7,4,2,0,0
12:20PM,4,3,6,3,2,0,0
12:21PM,3,3,5,3,1,0,0
12:22PM,3,2,5,2,1,0,0
12:23PM,2,2,4,2,-1,0,0
12:24PM,1,2,3,2,-1,0,0
12:25PM,1,1,2,1,-2,0,0
12:26PM,0,1,1,1,-2,0,0
12:27PM,-1,1,-1,1,-2,0,0
12:28PM,-1,1,-1,1,-3,0,0
12:29PM,-1,1,-2,1,-3,0,0
12:30PM,-1,1,-2,1,-3,0,0
12:31PM,-1,0,-2,0,-3,0,0
12:32PM,-1,-1,-2,-1,-3,0,0
12:33PM,-1,-1,-2,-1,-3,0,0
12:34PM,-1,-1,-2,-1,-3,0,0
12:35PM,-1,-1,-2,-1,-2,0,0
12:36PM,-1,-1,-2,-1,-2,0,0
12:37PM,-1,-1,-2,-1,-2,0,0
12:38PM,-1,-1,-2,-1,-2,0,0
12:39PM,-1,-1,-2,-1,-2,0,0
12:40PM,-1,-1,-2,-1,-2,0,0
12:41PM,-1,-1,-2,-1,-2,0,0
12:42PM,-1,-1,-2,-1,-2,0,0
12:43PM,-1,0,-1,0,-2,0,0
12:44PM,-1,0,-1,0,-2,0,0
12:45PM,-1,0,-1,0,-1,0,0
12:46PM,-1,0,-1,0,-1,0,0
12:47PM,-1,0,-1,0,-1,0,0
12:48PM,-1,0,-1,0,-1,0,0
12:49PM,-1,0,-1,0,-1,0,0
12:50PM,-1,0,-1,0,-1,0,0
12:51PM,-1,0,-1,0,-1,0,0
12:52PM,-1,0,-1,0,-1,0,0
12:53PM,-1,0,-1,0,-1,0,0
12:54PM,-1,0,-1,0,-1,0,0
12:55PM,-1,0,-1,0,-1,0,0
12:56PM,-1,-2,-2,-2,-1,0,0
12:57PM,-1,-2,-2,-2,-1,0,0
12:58PM,-1,-2,-1,-2,-1,0,0
12:59PM,-1,-2,-1,-2,-1,0,0
01:00PM,-1,-2,-1,-2,-1,0,0
01:01PM,-1,-2,-1,-2,-1,0,0
01:02PM,-1,-2,-1,-2,-1,0,0
01:03PM,-1,-2,-1,-2,-1,0,0
01:04PM,-1,-2,-1,-2,-1,0,0
01:05PM,-1,-2,-1,-2,-1,0,0
01:06PM,-1,-2,-1,-2,-1,0,0
01:07PM,-1,-2,-1,-2,-1,0,0
01:08PM,-1,-2,-1,-2,-1,0,0
01:09PM,-1,-2,-1,-2,0,0,0
01:10PM,-1,-1,-1,-2,1,0,0
01:11PM,-3,-1,-2,-2,-1,0,0
01:12PM,-2,1,-2,-2,1,0,0
01:13PM,-2,1,-2,-1,1,0,0
01:14PM,-2,1,-2,-2,-1,0,0
01:15PM,-1,3,-2,-1,1,0,0
01:16PM,1,4,-2,-1,2,0,0
01:17PM,1,6,-1,1,3,0,0
01:18PM,2,8,1,1,4,0,0
01:19PM,3,10,2,2,5,0,0
01:20PM,4,11,2,3,6,0,0
01:21PM,5,13,3,4,7,0,0
01:22PM,6,14,4,4,8,0,0
01:23PM,7,15,4,5,8,0,0
01:24PM,7,14,4,5,8,0,0
01:25PM,7,14,4,5,8,0,0
01:26PM,6,13,4,4,8,0,0
01:27PM,6,11,3,4,7,0,0
01:28PM,5,10,3,3,6,0,0
01:29PM,4,8,2,3,5,0,0
01:30PM,3,6,2,2,4,0,0
01:31PM,2,4,1,2,3,0,0
01:32PM,1,3,-1,1,2,0,0
01:33PM,1,2,-1,1,1,0,0
01:34PM,-1,1,-1,-1,1,0,0
01:35PM,-1,1,-1,-1,0,0,0
01:36PM,-1,-1,-2,-1,-1,0,0
01:37PM,-1,-1,-2,-1,-1,0,0
01:38PM,-1,-1,-2,-1,-1,0,0
01:39PM,-1,-1,-2,-1,-1,0,0
01:40PM,-1,-1,-2,-1,-1,0,0
01:41PM,-1,-1,-2,-1,-1,0,0
01:42PM,-1,-1,-1,-1,-1,0,0
01:43PM,-1,-1,-1,-1,-1,0,0
01:44PM,-1,-1,-1,-1,-1,0,0
01:45PM,-1,-1,-1,-1,-1,0,0
01:46PM,-1,-2,-1,-2,-1,0,0
01:47PM,-1,-2,-1,-2,-1,0,0
01:48PM,-1,-2,-1,-2,-1,0,0
01:49PM,-1,-2,-1,-2,-1,0,0
01:50PM,-1,-2,-1,-2,-1,0,0
01:51PM,-1,-2,-1,-2,-1,0,0
01:52PM,-1,-1,-1,-1,-1,0,0
01:53PM,-1,-1,-1,-1,-1,0,0
01:54PM,-1,-1,-1,-1,-1,0,0
01:55PM,-1,-1,-1,-1,-1,0,0
01:56PM,-1,-1,-1,-1,-1,0,0
01:57PM,-1,-1,-1,-1,-1,0,0
01:58PM,-1,-1,-1,-1,-1,0,0
01:59PM,-1,-1,-1,-1,-1,0,0
02:00PM,-1,-1,-1,-1,-1,0,0
02:01PM,-1,-1,-1,-1,-1,0,0
02:02PM,-1,-1,-1,-1,-1,0,0
02:03PM,-1,-1,-1,-1,-1,0,0
02:04PM,-1,-1,-1,-1,-1,0,0
02:05PM,-1,-1,-1,-1,-1,0,0
02:06PM,-1,-1,-1,-1,-1,0,0
02:07PM,-1,-1,-1,-1,-1,0,0
02:08PM,-1,-1,-1,-1,-1,0,0
02:09PM,-1,-1,-1,-1,-1,0,0
02:10PM,-1,-1,-1,-1,-1,0,0
02:11PM,-1,-1,-1,-1,-1,0,0
02:12PM,-1,-1,0,-1,-1,0,0
02:13PM,-1,-1,1,-1,-1,0,0
02:14PM,1,-1,1,-1,0,0,0
02:15PM,1,1,1,-1,1,0,0
02:16PM,1,-1,1,-2,-2,0,0
02:17PM,1,-1,1,-2,-1,0,0
02:18PM,1,-1,2,-2,-1,0,0
02:19PM,1,-1,3,-2,-1,0,0
02:20PM,1,-1,4,-2,-1,0,0
02:21PM,2,1,6,-2,-1,0,0
02:22PM,2,1,8,-2,1,0,0
02:23PM,3,2,10,-2,1,0,0
02:24PM,4,2,12,-2,1,0,0
02:25PM,5,3,13,-1,2,0,0
02:26PM,6,3,15,-1,2,0,0
02:27PM,6,3,16,-1,2,0,0
02:28PM,7,2,17,-1,3,0,0
02:29PM,7,2,17,-1,3,0,0
02:30PM,7,2,16,-1,3,0,0
02:31PM,6,1,15,-1,3,0,0
02:32PM,6,1,13,-1,2,0,0
02:33PM,5,1,11,-1,2,0,0
02:34PM,4,-1,9,-1,2,0,0
02:35PM,3,-1,7,-1,1,0,0
02:36PM,3,-1,6,-1,1,0,0
02:37PM,2,-1,4,-1,1,0,0
02:38PM,1,-1,3,-1,-1,0,0
02:39PM,1,-1,2,-1,-1,0,0
02:40PM,1,-1,1,-1,-1,0,0
02:41PM,-1,-1,1,-1,-1,0,0
02:42PM,-1,-1,-1,-1,-1,0,0
02:43PM,-1,-1,-1,-1,1,0,0
02:44PM,-1,-1,-1,0,1,0,0
02:45PM,-1,-1,-1,1,1,0,0
02:46PM,1,1,1,1,2,0,0
02:47PM,1,1,1,1,2,0,0
02:48PM,2,1,2,2,3,0,0
02:49PM,2,2,2,2,4,0,0
02:50PM,3,2,3,3,5,0,0
02:51PM,3,3,3,3,5,0,0
02:52PM,4,3,4,3,6,0,0
02:53PM,4,3,4,3,6,0,0
02:54PM,4,3,4,3,7,0,0
02:55PM,4,3,4,3,7,0,0
02:56PM,4,3,4,3,6,0,0
02:57PM,3,3,3,3,6,0,0
02:58PM,3,2,3,3,5,0,0
02:59PM,2,2,2,2,4,0,0
03:00PM,2,2,2,2,3,0,0
03:01PM,2,1,2,2,3,0,0
03:02PM,1,1,1,1,2,0,0
03:03PM,1,1,1,1,2,0,0
03:04PM,1,1,1,1,1,0,0
03:05PM,0,1,1,1,1,0,0
03:06PM,-1,0,-1,1,1,0,0
03:07PM,-1,-1,-1,1,1,0,0
03:08PM,-1,-1,-1,0,1,0,0
03:09PM,-1,-1,-1,-1,0,0,0
03:10PM,-1,-1,-1,-1,-1,0,0
03:11PM,-1,-1,-1,-1,-1,0,0
03:12PM,-1,-1,-1,-1,-1,0,0
03:13PM,-1,-1,-1,-1,-1,0,0
03:14PM,-1,-1,-1,-1,-1,0,0
03:15PM,-1,-1,-1,-1,-1,0,0
03:16PM,-1,-1,-1,-1,-1,0,0
03:17PM,-1,-1,-1,-1,-1,0,0
03:18PM,-1,-1,-1,-1,-1,0,0
03:19PM,-1,0,-1,-1,-1,0,0
03:20PM,-1,1,-1,-1,-1,0,0
03:21PM,-1,-2,-1,-1,-1,0,0
03:22PM,-1,-2,-1,-1,-1,0,0
03:23PM,-1,-2,-1,-1,-1,0,0
03:24PM,-1,-1,-1,-1,-1,0,0
03:25PM,-1,-1,-1,0,-1,0,0
03:26PM,1,-1,1,0,-1,0,0
03:27PM,1,1,1,0,-1,0,0
03:28PM,1,1,1,0,-1,0,0
03:29PM,2,2,2,0,-1,0,0
03:30PM,2,2,2,0,-1,0,0
03:31PM,2,3,2,0,-1,0,0
03:32PM,3,3,3,0,-1,0,0
03:33PM,3,3,3,0,-1,0,0
03:34PM,3,3,3,0,-1,0,0
03:35PM,3,3,3,0,-1,0,0
03:36PM,3,3,3,0,-1,0,0
03:37PM,3,3,3,0,-1,0,0
03:38PM,2,2,2,0,-1,0,0
03:39PM,2,2,2,0,-1,0,0
03:40PM,2,1,2,0,-1,0,0
03:41PM,1,1,1,0,-1,0,0
03:42PM,1,1,1,0,-1,0,0
03:43PM,1,-1,1,0,-1,0,0
03:44PM,0,-1,0,0,-1,0,0
03:45PM,-1,-1,-1,0,-1,0,0
03:46PM,-1,-1,-1,0,-1,0,0
03:47PM,-1,-1,-1,0,-1,0,0
03:48PM,-1,-1,-1,0,-1,0,0
03:49PM,-1,-1,-1,0,-1,0,0
03:50PM,-1,-1,-1,0,-1,0,0
03:51PM,-1,-1,-1,0,-1,0,0
03:52PM,-1,-1,-1,0,-1,0,0
03:53PM,-1,-1,-1,0,-1,0,0
03:54PM,-1,-1,-1,0,-1,0,0
03:55PM,-1,-1,-1,0,-1,0,0
03:56PM,-1,-1,-1,0,-1,0,0
03:57PM,-1,-1,-1,0,-1,0,0
03:58PM,-1,-1,-1,0,-1,0,0
03:59PM,-1,-1,-1,0,-1,0,0
04:00PM,-1,-1,-1,0,-1,0,0
04:01PM,-1,-1,-1,0,-1,0,0
04:02PM,-1,-1,-1,0,-1,0,0
04:03PM,-1,-1,-1,0,-1,0,0
04:04PM,-1,-1,-1,0,-1,0,0
04:05PM,-1,-1,-1,0,-1,0,0
04:06PM,-1,-1,-1,0,-1,0,0
04:07PM,-1,-1,-1,0,-1,0,0
04:08PM,-1,-1,-1,0,-1,0,0
04:09PM,-1,-1,-1,0,-1,0,0
04:10PM,-1,-1,-1,0,-1,0,0
04:11PM,-1,-1,-1,-1,-2,0,0
04:12PM,-1,-1,-1,-1,-2,0,0
04:13PM,-1,-1,-1,-1,-2,0,0
04:14PM,-1,-1,-1,-1,-2,0,0
04:15PM,-1,-1,-1,-1,-2,0,0
04:16PM,-1,-1,-1,-1,-2,0,0
04:17PM,-1,-1,-1,-1,-2,0,0
04:18PM,-1,-1,-1,-1,-2,0,0
04:19PM,-1,-1,-1,-1,-2,0,0
04:20PM,-1,-1,-1,-1,-2,0,0
04:21PM,-1,-1,-1,1,-2,0,0
04:22PM,-1,-1,-1,1,-2,0,0
04:23PM,-1,-1,-1,1,-2,0,0
04:24PM,-1,-1,-1,2,-2,0,0
04:25PM,-1,-1,-1,2,-2,0,0
04:26PM,-4,-2,-4,2,-3,0,0
04:27PM,-4,-1,-4,2,-2,0,0
04:28PM,-4,-1,-4,3,-2,0,0
04:29PM,-4,-2,-5,3,-2,0,0
04:30PM,-4,-2,-5,3,-2,0,0
04:31PM,-4,-2,-5,3,-2,0,0
04:32PM,-4,-2,-5,2,-2,0,0
04:33PM,-4,-1,-5,2,-2,0,0
04:34PM,-4,-1,-5,2,-2,0,0
04:35PM,-4,1,-5,1,-2,0,0
04:36PM,-4,1,-5,1,-2,0,0
04:37PM,-4,2,-4,1,-2,0,0
04:38PM,-4,3,-4,-1,-2,0,0
04:39PM,-3,4,-4,-1,-2,0,0
04:40PM,-3,6,-4,-1,-2,0,0
04:41PM,-3,7,-4,-1,-2,0,0
04:42PM,-3,8,-4,-1,-2,0,0
04:43PM,-3,9,-4,-1,-2,0,0
04:44PM,-3,9,-4,-1,-2,0,0
04:45PM,-3,9,-4,-1,-2,0,0
04:46PM,-3,8,-3,-1,-2,0,0
04:47PM,-3,7,-3,-1,-1,0,0
04:48PM,-3,6,-3,-1,-1,0,0
04:49PM,-2,5,-3,-1,-1,0,0
04:50PM,-2,4,-3,-1,-1,0,0
04:51PM,-2,3,-3,-1,-1,0,0
04:52PM,-2,2,-3,-1,-1,0,0
04:53PM,-2,1,-3,-1,-1,0,0
04:54PM,-2,0,-2,-1,-1,0,0
04:55PM,-2,-1,-2,-1,-1,0,0
04:56PM,-2,-1,-2,-1,-1,0,0
04:57PM,-2,-1,-2,-1,-1,0,0
04:58PM,-2,-1,-2,-1,-1,0,0
04:59PM,-2,-1,-2,-1,-1,0,0
05:00PM,-2,-2,-2,-1,-1,0,0
05:01PM,-1,-1,-2,-1,-1,0,0
05:02PM,-1,-1,-2,-1,-1,0,0
05:03PM,-1,-1,-2,-1,-1,0,0
05:04PM,-1,-1,-2,-1,-1,0,0
05:05PM,-1,-1,-1,-1,-1,0,0
05:06PM,-1,-1,-1,-1,-1,0,0
05:07PM,-1,-1,-1,-1,-1,0,0
05:08PM,-1,-1,-1,-1,-1,0,0
05:09PM,-1,-1,-1,-1,-1,0,0
05:10PM,-1,-1,-1,-1,-1,0,0
05:11PM,-1,-1,-1,-1,-1,0,0
05:12PM,-1,-1,-1,-1,-1,0,0
05:13PM,-1,-1,-1,-1,-1,0,0
05:14PM,-1,-1,-1,-1,-1,0,0
05:15PM,-1,-1,-1,-1,-1,0,0
05:16PM,-1,-1,-1,-1,-1,0,0
05:17PM,-1,-1,-1,-1,-1,0,0
05:18PM,-1,-1,-1,-1,-1,0,0
05:19PM,-1,-1,-1,-1,-1,0,0
05:20PM,-1,-1,-1,-1,-1,0,0
05:21PM,-1,-1,-1,-1,-1,0,0
05:22PM,-1,-1,-1,-1,-1,0,0
05:23PM,-1,-1,-1,-1,-1,0,0
05:24PM,-1,-1,-1,-1,-1,0,0
05:25PM,-1,-1,-1,-1,-1,0,0
05:26PM,-1,-1,-1,-1,-1,0,0
05:27PM,-1,-1,-1,-1,-1,0,0
05:28PM,-1,-1,-1,-1,-1,0,0
05:29PM,-1,-1,-1,-1,-1,0,0
05:30PM,-1,-1,-1,0,-1,0,0
05:31PM,-1,-1,-1,-1,-1,0,0
05:32PM,-1,-1,-1,-1,-1,0,0
05:33PM,-1,-1,-1,-1,-1,0,0
05:34PM,-1,-1,-1,-1,-1,0,0
05:35PM,-1,-1,-1,-1,-1,0,0
05:36PM,-1,-1,-1,-1,0,0,0
05:37PM,-1,-1,-1,-1,0,0,0
05:38PM,-1,-1,-1,-1,0,0,0
05:39PM,-1,-1,-1,-1,0,0,0
05:40PM,-1,-1,-1,-1,0,0,0
05:41PM,-1,-1,-1,-1,0,0,0
05:42PM,-1,-1,-1,-1,0,0,0
05:43PM,-1,-1,-1,-1,0,0,0
05:44PM,0,-1,-1,-1,0,0,0
05:45PM,0,-1,-1,-1,0,0,0
05:46PM,0,-3,0,-1,0,0,0
05:47PM,0,-3,0,-1,0,0,0
05:48PM,0,-3,0,-1,0,0,0
05:49PM,0,-3,0,-1,0,0,0
05:50PM,0,-3,0,-1,0,0,0
05:51PM,0,-3,0,-1,0,0,0
05:52PM,0,-3,0,-1,0,0,0
05:53PM,0,-3,0,-1,0,0,0
05:54PM,0,-3,0,-1,0,0,0
05:55PM,0,-3,0,-1,0,0,0
05:56PM,0,-3,0,-1,0,0,0
05:57PM,0,-3,0,-1,0,0,0
05:58PM,0,-2,0,-1,0,0,0
05:59PM,0,-2,0,-1,0,0,0
06:00PM,0,-2,0,-1,0,0,0
06:01PM,0,-2,0,-1,0,0,0
06:02PM,0,-2,0,-1,0,0,0
06:03PM,0,-2,0,-1,0,0,0
06:04PM,0,-2,0,-1,0,0,0
06:05PM,0,-2,0,-1,0,0,0
06:06PM,0,-2,0,-1,0,0,0
06:07PM,0,-2,0,-1,0,0,0
06:08PM,0,-2,0,-1,0,0,0
06:09PM,0,-2,0,-1,0,0,0
06:10PM,0,-2,0,-1,0,0,0
06:11PM,0,-2,0,-1,0,0,0
06:12PM,0,-2,0,-1,0,0,0
06:13PM,0,-2,0,-1,0,0,0
06:14PM,0,-2,0,-1,0,0,0
06:15PM,0,-1,0,-1,0,0,0
06:16PM,0,-1,0,-1,0,0,0
06:17PM,0,-1,0,-1,0,0,0
06:18PM,0,-1,0,-1,0,0,0
06:19PM,0,-1,0,-1,0,0,0
06:20PM,0,-1,0,-1,0,0,0
06:21PM,0,-1,0,-1,0,0,0
06:22PM,0,-1,0,-1,0,0,0
06:23PM,0,-1,0,-1,0,0,0
06:24PM,0,-1,0,-1,0,0,0
06:25PM,0,-1,0,-1,0,0,0
06:26PM,0,-1,0,-1,0,0,0
06:27PM,0,-1,0,-1,0,0,0
06:28PM,0,-1,0,-1,0,0,0
06:29PM,0,-1,0,-1,0,0,0
06:30PM,0,-1,0,-1,0,0,0
06:31PM,0,-1,0,-1,0,0,0
06:32PM,0,-1,0,-1,0,0,0
06:33PM,0,-1,0,-1,0,0,0
06:34PM,0,-1,0,-1,0,0,0
06:35PM,0,-1,0,-1,0,0,0
06:36PM,0,-1,0,-1,0,0,0
06:37PM,0,-1,0,-1,0,0,0
06:38PM,0,-1,0,0,0,0,0
06:39PM,0,-1,0,0,0,0,0
06:40PM,0,-1,0,0,0,0,0
06:41PM,0,-1,0,0,0,0,0
06:42PM,0,-1,0,0,0,0,0
06:43PM,0,-1,0,0,0,0,0
06:44PM,0,-1,0,0,0,0,0
06:45PM,0,-1,0,0,0,0,0
06:46PM,0,-1,0,0,0,0,0
06:47PM,0,-1,0,0,0,0,0
06:48PM,0,-1,0,0,0,0,0
06:49PM,0,-1,0,0,0,0,0
06:50PM,0,-1,0,0,0,0,0
06:51PM,0,-1,0,0,0,0,0
06:52PM,0,-1,0,0,0,0,0
06:53PM,0,-1,0,0,0,0,0
06:54PM,0,-1,0,0,0,0,0
06:55PM,0,-1,0,0,0,0,0
06:56PM,0,-1,0,0,0,0,0
06:57PM,0,-1,0,0,0,0,0
06:58PM,0,-1,0,0,0,0,0
06:59PM,0,-1,0,0,0,0,0
07:00PM,0,-1,0,0,0,0,0
07:01PM,0,-1,0,0,0,0,0
07:02PM,0,0,0,0,0,0,0
07:03PM,0,0,0,0,0,0,0
07:04PM,0,0,0,0,0,0,0
07:05PM,0,0,0,0,0,0,0
07:06PM,0,0,0,0,0,0,0
07:07PM,0,0,0,0,0,0,0
07:08PM,0,0,0,0,0,0,0
07:09PM,0,0,0,0,0,0,0
07:10PM,0,0,0,0,0,0,0
07:11PM,0,0,0,0,0,0,0
07:12PM,0,0,0,0,0,0,0
07:13PM,0,0,0,0,0,0,0
07:14PM,1,0,0,0,0,0,0
07:15PM,1,0,0,0,0,0,0
07:16PM,1,0,0,0,0,0,0
07:17PM,1,0,0,0,0,0,0
07:18PM,1,0,0,0,0,0,0
07:19PM,1,0,0,0,0,0,0
07:20PM,1,0,0,0,0,0,0
07:21PM,1,0,0,0,0,0,0
07:22PM,2,0,0,0,0,0,0
07:23PM,2,0,0,0,0,0,0
07:24PM,2,0,0,0,0,0,0
07:25PM,3,0,0,0,0,0,0
07:26PM,3,0,0,0,0,0,0
07:27PM,3,0,0,0,0,0,0
07:28PM,4,0,0,0,0,0,0
07:29PM,4,0,0,0,0,0,0
07:30PM,4,0,0,0,0,0,0
07:31PM,3,0,0,0,0,0,0
07:32PM,3,0,0,0,0,0,0
07:33PM,3,0,0,0,0,0,0
07:34PM,2,0,0,0,0,0,0
07:35PM,2,0,0,0,0,0,0
07:36PM,2,0,0,0,0,0,0
07:37PM,1,0,0,0,0,0,0
07:38PM,1,0,0,0,0,0,0
07:39PM,1,0,0,0,0,0,0
07:40PM,1,0,0,0,0,0,0
07:41PM,1,0,0,0,0,0,0
07:42PM,1,0,0,0,0,0,0
07:43PM,1,0,0,0,0,0,0
07:44PM,1,0,0,0,0,0,0
07:45PM,0,0,0,0,0,0,0
07:46PM,0,0,0,0,0,0,0
07:47PM,0,0,0,0,0,0,0
07:48PM,0,0,0,0,0,0,0
07:49PM,0,0,0,0,0,0,0
07:50PM,0,0,0,0,0,0,0
07:51PM,0,0,0,0,0,0,0
07:52PM,0,0,0,0,0,0,0
07:53PM,0,0,0,0,0,0,0
07:54PM,0,0,0,0,0,0,0
07:55PM,0,0,0,0,0,0,0
07:56PM,0,0,0,0,0,0,0
07:57PM,0,0,0,0,0,0,0
07:58PM,0,0,0,0,0,0,0
07:59PM,0,0,0,0,0,0,0
08:00PM,0,0,0,0,0,0,0
08:01PM,0,0,0,0,0,0,0
08:02PM,0,0,0,0,0,0,0
08:03PM,0,0,0,0,0,0,0
08:04PM,0,0,0,0,0,0,0
08:05PM,0,0,0,0,0,0,0
08:06PM,0,0,0,0,0,0,0
08:07PM,0,0,0,0,0,0,0
08:08PM,0,0,0,0,0,0,0
08:09PM,0,0,0,0,0,0,0
08:10PM,0,0,0,0,0,0,0
08:11PM,0,0,0,0,0,0,0
08:12PM,0,0,0,0,0,0,0
08:13PM,0,0,0,0,0,0,0
08:14PM,0,0,0,0,0,0,0
08:15PM,0,0,0,0,0,0,0
08:16PM,0,0,0,0,0,0,0
08:17PM,0,0,0,0,0,0,0
08:18PM,0,0,0,0,0,0,0
08:19PM,0,0,0,0,0,0,0
08:20PM,0,0,0,0,0,0,0
08:21PM,0,0,0,0,0,0,0
08:22PM,0,0,0,0,0,0,0
08:23PM,0,0,0,0,0,0,0
08:24PM,0,0,0,0,0,0,0
08:25PM,0,0,0,0,0,0,0
08:26PM,0,0,0,0,0,0,0
08:27PM,0,0,0,0,0,0,0
08:28PM,0,0,0,0,0,0,0
08:29PM,0,0,0,0,0,0,0
08:30PM,0,0,0,0,0,0,0
08:31PM,0,0,0,0,0,0,0
08:32PM,0,0,0,0,0,0,0
08:33PM,0,0,0,0,0,0,0
08:34PM,0,0,0,0,0,0,0
08:35PM,0,0,0,0,0,0,0
08:36PM,0,0,0,0,0,0,0
08:37PM,0,0,0,0,0,0,0
08:38PM,0,0,0,0,0,0,0
08:39PM,0,0,0,0,0,0,0
08:40PM,0,0,0,0,0,0,0
08:41PM,0,0,0,0,0,0,0
08:42PM,0,0,0,0,0,0,0
08:43PM,0,0,0,0,0,0,0
08:44PM,0,0,0,0,0,0,0
08:45PM,0,0,0,0,0,0,0
08:46PM,0,0,0,0,0,0,0
08:47PM,0,0,0,0,0,0,0
08:48PM,0,0,0,0,0,0,0
08:49PM,0,0,0,0,0,0,0
08:50PM,0,0,0,0,0,0,0
08:51PM,0,0,0,0,0,0,0
08:52PM,0,0,0,0,0,0,0
08:53PM,0,0,0,0,0,0,0
08:54PM,0,0,0,0,0,0,0
08:55PM,0,0,0,0,0,0,0
08:56PM,0,0,0,0,0,0,0
08:57PM,0,0,0,0,0,0,0
08:58PM,0,0,0,0,0,0,0
08:59PM,0,0,0,0,0,0,0
09:00PM,0,0,0,0,0,0,0
09:01PM,-1,0,0,0,0,0,0
09:02PM,-1,0,0,0,0,0,0
09:03PM,-1,0,0,0,0,0,0
09:04PM,-1,0,0,0,0,0,0
09:05PM,-1,0,0,0,0,0,0
09:06PM,-1,0,0,0,0,0,0
09:07PM,-1,0,0,0,0,0,0
09:08PM,-1,0,0,0,0,0,0
09:09PM,-1,0,0,0,0,0,0
09:10PM,-1,0,0,0,0,0,0
09:11PM,-1,0,0,0,0,0,0
09:12PM,-1,0,0,0,0,0,0
09:13PM,-1,0,0,0,0,0,0
09:14PM,-1,0,0,0,0,0,0
09:15PM,-1,0,0,0,0,0,0
09:16PM,-1,0,0,0,0,0,0
09:17PM,-1,0,0,0,0,0,0
09:18PM,-1,0,0,0,0,0,0
09:19PM,-1,0,0,0,0,0,0
09:20PM,-1,0,0,0,0,0,0
09:21PM,-1,0,0,0,0,0,0
09:22PM,-1,0,0,0,0,0,0
09:23PM,-1,0,0,0,0,0,0
09:24PM,-1,0,0,0,0,0,0
09:25PM,-1,0,0,0,0,0,0
09:26PM,-1,0,0,0,0,0,0
09:27PM,-1,0,0,0,0,0,0
09:28PM,-1,0,0,0,0,0,0
09:29PM,-1,0,0,0,0,0,0
09:30PM,-1,0,0,0,0,0,0
09:31PM,-1,0,0,0,0,0,0
09:32PM,-1,0,0,0,0,0,0
09:33PM,-1,0,0,0,0,0,0
09:34PM,-1,0,0,0,0,0,0
09:35PM,-1,0,0,0,0,0,0
09:36PM,-1,0,0,0,0,0,0
09:37PM,-1,0,0,0,0,0,0
09:38PM,-1,0,0,0,0,0,0
09:39PM,-1,0,0,0,0,0,0
09:40PM,-1,0,0,0,0,0,0
09:41PM,-1,0,0,0,0,0,0
09:42PM,-1,0,0,0,0,0,0
09:43PM,-1,0,0,0,0,0,0
09:44PM,-1,0,0,0,0,0,0
09:45PM,-1,0,0,0,0,0,0
09:46PM,-1,0,0,0,0,0,0
09:47PM,-1,0,0,0,0,0,0
09:48PM,-1,0,0,0,0,0,0
09:49PM,-1,0,0,0,0,0,0
09:50PM,-1,0,0,0,0,0,0
09:51PM,-1,0,0,0,0,0,0
09:52PM,-1,0,0,0,0,0,0
09:53PM,-1,0,0,0,0,0,0
09:54PM,-1,0,0,0,0,0,0
09:55PM,-1,0,0,0,0,0,0
09:56PM,-1,0,0,0,0,0,0
09:57PM,-1,0,0,0,0,0,0
09:58PM,-1,0,0,0,0,0,0
09:59PM,-1,0,0,0,0,0,0
10:00PM,-1,0,0,0,0,0,0
10:01PM,-1,0,0,0,0,0,0
10:02PM,-1,0,0,0,0,0,0
10:03PM,-1,0,0,0,0,0,0
10:04PM,-1,0,0,0,0,0,0
10:05PM,-1,0,0,0,0,0,0
10:06PM,-1,0,0,0,0,0,0
10:07PM,-1,0,0,0,0,0,0
10:08PM,0,0,0,0,0,0,0
10:09PM,0,0,0,0,0,0,0
10:10PM,0,0,0,0,0,0,0
10:11PM,0,0,0,0,0,0,0
10:12PM,0,0,0,0,0,0,0
10:13PM,0,0,0,0,0,0,0
10:14PM,0,0,0,0,0,0,0
10:15PM,0,0,0,0,0,0,0
10:16PM,0,0,0,0,0,0,0
10:17PM,0,0,0,0,0,0,0
10:18PM,0,0,0,0,0,0,0
10:19PM,0,0,0,0,0,0,0
10:20PM,0,0,0,0,0,0,0
10:21PM,0,0,0,0,0,0,0
10:22PM,0,0,0,0,0,0,0
10:23PM,0,0,0,0,0,0,0
10:24PM,0,0,0,0,0,0,0
10:25PM,0,0,0,0,0,0,0
10:26PM,0,0,0,0,0,0,0
10:27PM,0,0,0,0,0,0,0
10:28PM,0,0,0,0,0,0,0
10:29PM,0,0,0,0,0,0,0
10:30PM,0,0,0,0,0,0,0
10:31PM,0,0,0,0,0,0,0
10:32PM,0,0,0,0,0,0,0
10:33PM,0,0,0,0,0,0,0
10:34PM,0,0,0,0,0,0,0
10:35PM,0,0,0,0,0,0,0
10:36PM,0,0,0,0,0,0,0
10:37PM,0,0,0,0,0,0,0
10:38PM,0,0,0,0,0,0,0
10:39PM,0,0,0,0,0,0,0
10:40PM,0,0,0,0,0,0,0
10:41PM,0,0,0,0,0,0,0
10:42PM,0,0,0,0,0,0,0
10:43PM,0,0,0,0,0,0,0
10:44PM,0,0,0,0,0,0,0
10:45PM,0,0,0,0,0,0,0
10:46PM,0,0,0,0,0,0,0
10:47PM,0,0,0,0,0,0,0
10:48PM,0,0,0,0,0,0,0
10:49PM,0,0,0,0,0,0,0
10:50PM,0,0,0,0,0,0,0
10:51PM,0,0,0,0,0,0,0
10:52PM,0,0,0,0,0,0,0
10:53PM,0,0,0,0,0,0,0
10:54PM,0,0,0,0,0,0,0
10:55PM,0,0,0,0,0,0,0
10:56PM,0,0,0,0,0,0,0
10:57PM,0,0,0,0,0,0,0
10:58PM,0,0,0,0,0,0,0
10:59PM,0,0,0,0,0,0,0
11:00PM,0,0,0,0,0,0,0
11:01PM,0,0,0,0,0,0,0
11:02PM,0,0,0,0,0,0,0
11:03PM,0,0,0,0,0,0,0
11:04PM,0,0,0,0,0,0,0
11:05PM,0,0,0,0,0,0,0
11:06PM,0,0,0,0,0,0,0
11:07PM,0,0,0,0,0,0,0
11:08PM,0,0,0,0,0,0,0
11:09PM,0,0,0,0,0,0,0
11:10PM,0,0,0,0,0,0,0
11:11PM,0,0,0,0,0,0,0
11:12PM,0,0,0,0,0,0,0
11:13PM,0,0,0,0,0,0,0
11:14PM,0,0,0,0,0,0,0
11:15PM,0,0,0,0,0,0,0
11:16PM,0,0,0,0,0,0,0
11:17PM,0,0,0,0,0,0,0
11:18PM,0,0,0,0,0,0,0
11:19PM,0,0,0,0,0,0,0
11:20PM,0,0,0,0,0,0,0
11:21PM,0,0,0,0,0,0,0
11:22PM,0,0,0,0,0,0,0
11:23PM,0,0,0,0,0,0,0
11:24PM,0,0,0,0,0,0,0
11:25PM,0,0,0,0,0,0,0
11:26PM,0,0,0,0,0,0,0
11:27PM,0,0,0,0,0,0,0
11:28PM,0,0,0,0,0,0,0
11:29PM,0,0,0,0,0,0,0
11:30PM,0,0,0,0,0,0,0
11:31PM,0,0,0,0,0,0,0
11:32PM,0,0,0,0,0,0,0
11:33PM,0,0,0,0,0,0,0
11:34PM,0,0,0,0,0,0,0
11:35PM,0,0,0,0,0,0,0
11:36PM,0,0,0,0,0,0,0
11:37PM,0,0,0,0,0,0,0
11:38PM,0,0,0,0,0,0,0
11:39PM,0,0,0,0,0,0,0
11:40PM,0,0,0,0,0,0,0
11:41PM,0,0,0,0,0,0,0
11:42PM,0,0,0,0,0,0,0
11:43PM,0,0,0,0,0,0,0
11:44PM,0,0,0,0,0,0,0
11:45PM,0,0,0,0,0,0,0
11:46PM,0,0,0,0,0,0,0
11:47PM,0,0,0,0,0,0,0
11:48PM,0,0,0,0,0,0,0
11:49PM,0,0,0,0,0,0,0
11:50PM,0,0,0,0,0,0,0
11:51PM,0,0,0,0,0,0,0
11:52PM,0,0,0,0,0,0,0
11:53PM,0,0,0,0,0,0,0
11:54PM,0,0,0,0,0,0,0
11:55PM,0,0,0,0,0,0,0
11:56PM,0,0,0,0,0,0,0
11:57PM,0,0,0,0,0,0,0
11:58PM,0,0,0,0,0,0,0
11:59PM,0,0,0,0,0,0,0
